sample_id,waste_category,source,pe_pct,pp_pct,ps_pct,pvc_pct,pet_pct,other_pct,temperature_c,temperature,residence_time_min,residence_time,moisture_pct,particle_size_mm,particle_size,feed_rate_kg_h,feed_rate,catalyst,reactor_type,oil_pct,gas_pct,char_pct,other_product_pct
EXP_BELDEN_0000,mixed_plastic,"WPI Pyrolysis Benchmark (Belden et al., 2022)",100.0,0.0,0.0,0.0,0.0,0.0,500.0,500.0,30.0,30.0,0.0,2.5,2.5,15.0,15.0,No,Fixed Bed,95.0,1.25,3.75,0.0
EXP_BELDEN_0001,mixed_plastic,"WPI Pyrolysis Benchmark (Belden et al., 2022)",100.0,0.0,0.0,0.0,0.0,0.0,850.0,850.0,30.0,30.0,0.0,2.5,2.5,15.0,15.0,No,Fluidized Bed,16.2,75.42,8.38,0.0
EXP_BELDEN_0002,mixed_plastic,"WPI Pyrolysis Benchmark (Belden et al., 2022)",100.0,0.0,0.0,0.0,0.0,0.0,500.0,500.0,30.0,30.0,0.0,5.0,5.0,2.0,2.0,No,Fixed Bed,83.0,4.25,12.75,0.0
EXP_BELDEN_0003,mixed_plastic,"WPI Pyrolysis Benchmark (Belden et al., 2022)",0.0,100.0,0.0,0.0,0.0,0.0,500.0,500.0,30.0,30.0,0.0,5.0,5.0,2.0,2.0,No,Fixed Bed,81.0,4.75,14.25,0.0
EXP_BELDEN_0004,mixed_plastic,"WPI Pyrolysis Benchmark (Belden et al., 2022)",0.0,0.0,100.0,0.0,0.0,0.0,500.0,500.0,30.0,30.0,0.0,5.0,5.0,2.0,2.0,No,Fixed Bed,97.0,0.75,2.25,0.0
EXP_BELDEN_0005,mixed_plastic,"WPI Pyrolysis Benchmark (Belden et al., 2022)",0.0,0.0,0.0,0.0,100.0,0.0,500.0,500.0,30.0,30.0,0.0,5.0,5.0,2.0,2.0,No,Fixed Bed,38.5,15.38,46.12,0.0
EXP_BELDEN_0006,mixed_plastic,"WPI Pyrolysis Benchmark (Belden et al., 2022)",60.0,13.0,18.0,0.0,0.0,9.0,500.0,500.0,30.0,30.0,0.0,5.0,5.0,2.0,2.0,No,Fixed Bed,80.0,5.0,15.0,0.0
EXP_BELDEN_0007,mixed_plastic,"WPI Pyrolysis Benchmark (Belden et al., 2022)",60.0,13.0,18.0,0.0,0.0,9.0,500.0,500.0,30.0,30.0,0.0,5.0,5.0,2.0,2.0,No,Fixed Bed,88.0,3.0,9.0,0.0
EXP_BELDEN_0008,mixed_plastic,"WPI Pyrolysis Benchmark (Belden et al., 2022)",67.0,0.0,17.0,0.0,17.0,0.0,450.0,450.0,30.0,30.0,0.0,100.0,100.0,60.0,60.0,No,Semi Batch,34.0,8.25,57.75,0.0
EXP_BELDEN_0009,mixed_plastic,"WPI Pyrolysis Benchmark (Belden et al., 2022)",58.8,26.9,8.7,0.0,5.6,0.0,450.0,450.0,30.0,30.0,0.0,20.0,20.0,200.0,200.0,No,Batch,78.0,2.75,19.25,0.0
EXP_BELDEN_0010,mixed_plastic,"WPI Pyrolysis Benchmark (Belden et al., 2022)",58.8,26.9,8.7,0.0,5.6,0.0,500.0,500.0,30.0,30.0,0.0,20.0,20.0,200.0,200.0,No,Batch,80.5,4.88,14.62,0.0
EXP_BELDEN_0011,mixed_plastic,"WPI Pyrolysis Benchmark (Belden et al., 2022)",58.8,26.9,8.7,0.0,5.6,0.0,550.0,550.0,30.0,30.0,0.0,20.0,20.0,200.0,200.0,No,Batch,82.0,6.75,11.25,0.0
EXP_BELDEN_0012,mixed_plastic,"WPI Pyrolysis Benchmark (Belden et al., 2022)",58.8,26.9,8.7,0.0,5.6,0.0,600.0,600.0,30.0,30.0,0.0,20.0,20.0,200.0,200.0,No,Batch,84.0,8.0,8.0,0.0
EXP_BELDEN_0013,mixed_plastic,"WPI Pyrolysis Benchmark (Belden et al., 2022)",100.0,0.0,0.0,0.0,0.0,0.0,780.0,780.0,30.0,30.0,0.0,2.5,2.5,15.0,15.0,No,Fluidized Bed,9.6,81.36,9.04,0.0
EXP_BELDEN_0014,mixed_plastic,"WPI Pyrolysis Benchmark (Belden et al., 2022)",100.0,0.0,0.0,0.0,0.0,0.0,645.0,645.0,30.0,30.0,0.0,0.225,0.225,15.0,15.0,No,Fluidized Bed,79.7,12.43,7.87,0.0
EXP_BELDEN_0015,mixed_plastic,"WPI Pyrolysis Benchmark (Belden et al., 2022)",100.0,0.0,0.0,0.0,0.0,0.0,650.0,650.0,30.0,30.0,0.0,0.225,0.225,15.0,15.0,No,Fluidized Bed,68.5,19.69,11.81,0.0
EXP_BELDEN_0016,mixed_plastic,"WPI Pyrolysis Benchmark (Belden et al., 2022)",100.0,0.0,0.0,0.0,0.0,0.0,650.0,650.0,30.0,30.0,0.0,0.225,0.225,15.0,15.0,No,Fluidized Bed,72.3,17.31,10.39,0.0
EXP_BELDEN_0017,mixed_plastic,"WPI Pyrolysis Benchmark (Belden et al., 2022)",100.0,0.0,0.0,0.0,0.0,0.0,685.0,685.0,30.0,30.0,0.0,0.225,0.225,15.0,15.0,No,Fluidized Bed,33.4,47.45,19.15,0.0
EXP_BELDEN_0018,mixed_plastic,"WPI Pyrolysis Benchmark (Belden et al., 2022)",100.0,0.0,0.0,0.0,0.0,0.0,685.0,685.0,30.0,30.0,0.0,0.225,0.225,15.0,15.0,No,Fluidized Bed,39.6,43.04,17.36,0.0
EXP_BELDEN_0019,mixed_plastic,"WPI Pyrolysis Benchmark (Belden et al., 2022)",100.0,0.0,0.0,0.0,0.0,0.0,700.0,700.0,30.0,30.0,0.0,0.225,0.225,15.0,15.0,No,Fluidized Bed,32.1,50.92,16.98,-0.0
EXP_BELDEN_0020,mixed_plastic,"WPI Pyrolysis Benchmark (Belden et al., 2022)",100.0,0.0,0.0,0.0,0.0,0.0,685.0,685.0,30.0,30.0,0.0,0.225,0.225,15.0,15.0,No,Fluidized Bed,40.7,42.25,17.05,0.0
EXP_BELDEN_0021,mixed_plastic,"WPI Pyrolysis Benchmark (Belden et al., 2022)",100.0,0.0,0.0,0.0,0.0,0.0,730.0,730.0,30.0,30.0,0.0,0.225,0.225,15.0,15.0,No,Fluidized Bed,19.6,66.33,14.07,0.0
EXP_BELDEN_0022,mixed_plastic,"WPI Pyrolysis Benchmark (Belden et al., 2022)",100.0,0.0,0.0,0.0,0.0,0.0,725.0,725.0,30.0,30.0,0.0,0.225,0.225,15.0,15.0,No,Fluidized Bed,20.7,64.43,14.87,-0.0
EXP_BELDEN_0023,mixed_plastic,"WPI Pyrolysis Benchmark (Belden et al., 2022)",100.0,0.0,0.0,0.0,0.0,0.0,715.0,715.0,30.0,30.0,0.0,0.225,0.225,15.0,15.0,No,Fluidized Bed,19.2,63.63,17.17,0.0
EXP_BELDEN_0024,mixed_plastic,"WPI Pyrolysis Benchmark (Belden et al., 2022)",100.0,0.0,0.0,0.0,0.0,0.0,730.0,730.0,30.0,30.0,0.0,0.225,0.225,15.0,15.0,No,Fluidized Bed,13.5,71.36,15.14,0.0
EXP_BELDEN_0025,mixed_plastic,"WPI Pyrolysis Benchmark (Belden et al., 2022)",100.0,0.0,0.0,0.0,0.0,0.0,780.0,780.0,30.0,30.0,0.0,0.225,0.225,15.0,15.0,No,Fluidized Bed,15.3,76.23,8.47,0.0
EXP_BELDEN_0026,mixed_plastic,"WPI Pyrolysis Benchmark (Belden et al., 2022)",100.0,0.0,0.0,0.0,0.0,0.0,780.0,780.0,30.0,30.0,0.0,0.225,0.225,15.0,15.0,No,Fluidized Bed,9.6,81.36,9.04,0.0
EXP_BELDEN_0027,mixed_plastic,"WPI Pyrolysis Benchmark (Belden et al., 2022)",100.0,0.0,0.0,0.0,0.0,0.0,640.0,640.0,30.0,30.0,0.0,0.225,0.225,15.0,15.0,No,Fluidized Bed,78.9,12.66,8.44,0.0
EXP_BELDEN_0028,mixed_plastic,"WPI Pyrolysis Benchmark (Belden et al., 2022)",100.0,0.0,0.0,0.0,0.0,0.0,730.0,730.0,30.0,30.0,0.0,2.5,2.5,15.0,15.0,No,Fluidized Bed,18.0,67.65,14.35,0.0
EXP_BELDEN_0029,mixed_plastic,"WPI Pyrolysis Benchmark (Belden et al., 2022)",100.0,0.0,0.0,0.0,0.0,0.0,680.0,680.0,30.0,30.0,0.0,2.5,2.5,15.0,15.0,No,Fluidized Bed,39.6,42.28,18.12,0.0
EXP_BELDEN_0030,mixed_plastic,"WPI Pyrolysis Benchmark (Belden et al., 2022)",100.0,0.0,0.0,0.0,0.0,0.0,640.0,640.0,30.0,30.0,0.0,2.5,2.5,15.0,15.0,No,Fluidized Bed,68.5,18.9,12.6,0.0
EXP_BELDEN_0031,mixed_plastic,"WPI Pyrolysis Benchmark (Belden et al., 2022)",100.0,0.0,0.0,0.0,0.0,0.0,450.0,450.0,30.0,30.0,0.0,2.5,2.5,1000.0,1000.0,No,Batch,25.0,9.38,65.62,0.0
EXP_BELDEN_0032,mixed_plastic,"WPI Pyrolysis Benchmark (Belden et al., 2022)",0.0,100.0,0.0,0.0,0.0,0.0,450.0,450.0,30.0,30.0,0.0,2.5,2.5,1000.0,1000.0,No,Batch,42.0,7.25,50.75,0.0
EXP_BELDEN_0033,mixed_plastic,"WPI Pyrolysis Benchmark (Belden et al., 2022)",0.0,50.0,50.0,0.0,0.0,0.0,450.0,450.0,30.0,30.0,0.0,2.5,2.5,1000.0,1000.0,No,Batch,25.0,9.38,65.62,0.0
EXP_BELDEN_0034,mixed_plastic,"WPI Pyrolysis Benchmark (Belden et al., 2022)",50.0,0.0,50.0,0.0,0.0,0.0,450.0,450.0,30.0,30.0,0.0,2.5,2.5,1000.0,1000.0,No,Batch,54.0,5.75,40.25,0.0
EXP_BELDEN_0035,mixed_plastic,"WPI Pyrolysis Benchmark (Belden et al., 2022)",50.0,50.0,0.0,0.0,0.0,0.0,450.0,450.0,30.0,30.0,0.0,2.5,2.5,1000.0,1000.0,No,Batch,24.0,9.5,66.5,0.0
EXP_BELDEN_0036,mixed_plastic,"WPI Pyrolysis Benchmark (Belden et al., 2022)",25.0,25.0,50.0,0.0,0.0,0.0,450.0,450.0,30.0,30.0,0.0,2.5,2.5,1000.0,1000.0,No,Batch,49.0,6.38,44.62,0.0
EXP_BELDEN_0037,mixed_plastic,"WPI Pyrolysis Benchmark (Belden et al., 2022)",20.0,20.0,40.0,0.0,20.0,0.0,450.0,450.0,30.0,30.0,0.0,2.5,2.5,1000.0,1000.0,No,Batch,40.0,7.5,52.5,0.0
EXP_BELDEN_0038,mixed_plastic,"WPI Pyrolysis Benchmark (Belden et al., 2022)",100.0,0.0,0.0,0.0,0.0,0.0,450.0,450.0,30.0,30.0,0.0,2.5,2.5,17.0,17.0,No,Batch,79.8,2.53,17.68,-0.01
EXP_BELDEN_0039,mixed_plastic,"WPI Pyrolysis Benchmark (Belden et al., 2022)",100.0,0.0,0.0,0.0,0.0,0.0,450.0,450.0,30.0,30.0,0.0,2.5,2.5,17.0,17.0,No,Batch,79.8,2.53,17.68,-0.01
EXP_BELDEN_0040,mixed_plastic,"WPI Pyrolysis Benchmark (Belden et al., 2022)",100.0,0.0,0.0,0.0,0.0,0.0,450.0,450.0,30.0,30.0,0.0,2.5,2.5,17.0,17.0,No,Batch,79.1,2.61,18.29,0.0
EXP_BELDEN_0041,mixed_plastic,"WPI Pyrolysis Benchmark (Belden et al., 2022)",0.0,100.0,0.0,0.0,0.0,0.0,450.0,450.0,30.0,30.0,0.0,2.5,2.5,17.0,17.0,No,Batch,85.0,1.88,13.12,0.0
EXP_BELDEN_0042,mixed_plastic,"WPI Pyrolysis Benchmark (Belden et al., 2022)",50.0,50.0,0.0,0.0,0.0,0.0,450.0,450.0,30.0,30.0,0.0,2.5,2.5,17.0,17.0,No,Batch,79.4,2.57,18.02,0.01
EXP_BELDEN_0043,mixed_plastic,"WPI Pyrolysis Benchmark (Belden et al., 2022)",66.6,33.3,0.0,0.0,0.0,0.1,450.0,450.0,30.0,30.0,0.0,2.5,2.5,17.0,17.0,No,Batch,82.4,2.2,15.4,-0.0
EXP_BELDEN_0044,mixed_plastic,"WPI Pyrolysis Benchmark (Belden et al., 2022)",75.0,25.0,0.0,0.0,0.0,0.0,450.0,450.0,30.0,30.0,0.0,2.5,2.5,17.0,17.0,No,Batch,79.7,2.54,17.76,-0.0
EXP_BELDEN_0045,mixed_plastic,"WPI Pyrolysis Benchmark (Belden et al., 2022)",69.2,9.6,9.6,10.6,1.1,0.0,450.0,450.0,30.0,30.0,0.0,2.5,2.5,17.0,17.0,No,Batch,75.4,3.07,21.52,0.01
EXP_BELDEN_0046,mixed_plastic,"WPI Pyrolysis Benchmark (Belden et al., 2022)",75.0,25.0,0.0,0.0,0.0,0.0,450.0,450.0,30.0,30.0,0.0,2.5,2.5,17.0,17.0,No,Batch,79.7,2.54,17.76,-0.0
EXP_BELDEN_0047,mixed_plastic,"WPI Pyrolysis Benchmark (Belden et al., 2022)",100.0,0.0,0.0,0.0,0.0,0.0,450.0,450.0,30.0,30.0,0.0,2.5,2.5,17.0,17.0,No,Batch,79.1,2.61,18.29,0.0
EXP_BELDEN_0048,mixed_plastic,"WPI Pyrolysis Benchmark (Belden et al., 2022)",44.4,21.2,13.3,12.2,8.9,0.0,500.0,500.0,30.0,30.0,0.0,7.5,7.5,35.0,35.0,No,Batch,48.7,12.82,38.47,0.01
EXP_BELDEN_0049,mixed_plastic,"WPI Pyrolysis Benchmark (Belden et al., 2022)",100.0,0.0,0.0,0.0,0.0,0.0,500.0,500.0,30.0,30.0,0.0,3.5,3.5,35.0,35.0,No,Batch,93.0,1.75,5.25,0.0
EXP_BELDEN_0050,mixed_plastic,"WPI Pyrolysis Benchmark (Belden et al., 2022)",0.0,100.0,0.0,0.0,0.0,0.0,500.0,500.0,30.0,30.0,0.0,3.5,3.5,35.0,35.0,No,Batch,95.0,1.25,3.75,0.0
EXP_BELDEN_0051,mixed_plastic,"WPI Pyrolysis Benchmark (Belden et al., 2022)",0.0,0.0,100.0,0.0,0.0,0.0,500.0,500.0,30.0,30.0,0.0,3.5,3.5,35.0,35.0,No,Batch,71.0,7.25,21.75,0.0
EXP_BELDEN_0052,mixed_plastic,"WPI Pyrolysis Benchmark (Belden et al., 2022)",0.0,0.0,0.0,0.0,100.0,0.0,500.0,500.0,30.0,30.0,0.0,3.5,3.5,35.0,35.0,No,Batch,15.0,21.25,63.75,0.0
EXP_BELDEN_0053,mixed_plastic,"WPI Pyrolysis Benchmark (Belden et al., 2022)",100.0,0.0,0.0,0.0,0.0,0.0,500.0,500.0,30.0,30.0,0.0,3.0,3.0,15.0,15.0,No,Fluidized Bed,89.2,2.7,8.1,0.0
EXP_BELDEN_0054,mixed_plastic,"WPI Pyrolysis Benchmark (Belden et al., 2022)",100.0,0.0,0.0,0.0,0.0,0.0,550.0,550.0,30.0,30.0,0.0,3.0,3.0,15.0,15.0,No,Fluidized Bed,78.6,8.03,13.38,-0.01
EXP_BELDEN_0055,mixed_plastic,"WPI Pyrolysis Benchmark (Belden et al., 2022)",100.0,0.0,0.0,0.0,0.0,0.0,600.0,600.0,30.0,30.0,0.0,3.0,3.0,15.0,15.0,No,Fluidized Bed,75.8,12.1,12.1,0.0
EXP_BELDEN_0056,mixed_plastic,"WPI Pyrolysis Benchmark (Belden et al., 2022)",100.0,0.0,0.0,0.0,0.0,0.0,650.0,650.0,30.0,30.0,0.0,3.0,3.0,15.0,15.0,No,Fluidized Bed,59.9,25.06,15.04,0.0
EXP_BELDEN_0057,mixed_plastic,"WPI Pyrolysis Benchmark (Belden et al., 2022)",100.0,0.0,0.0,0.0,0.0,0.0,700.0,700.0,30.0,30.0,0.0,3.0,3.0,15.0,15.0,No,Fluidized Bed,28.6,53.55,17.85,0.0
EXP_BELDEN_0058,mixed_plastic,"WPI Pyrolysis Benchmark (Belden et al., 2022)",100.0,0.0,0.0,0.0,0.0,0.0,780.0,780.0,30.0,30.0,0.0,0.225,0.225,15.0,15.0,No,Fluidized Bed,13.4,77.94,8.66,0.0
EXP_BELDEN_0059,mixed_plastic,"WPI Pyrolysis Benchmark (Belden et al., 2022)",0.0,0.0,100.0,0.0,0.0,0.0,450.0,450.0,30.0,30.0,0.0,2.5,2.5,1000.0,1000.0,No,Batch,80.8,2.4,16.8,0.0
EXP_BELDEN_0060,mixed_plastic,"WPI Pyrolysis Benchmark (Belden et al., 2022)",100.0,0.0,0.0,0.0,0.0,0.0,800.0,800.0,30.0,30.0,0.0,0.225,0.225,15.0,15.0,No,Fluidized Bed,13.7,77.67,8.63,0.0
EXP_BELDEN_0061,mixed_plastic,"WPI Pyrolysis Benchmark (Belden et al., 2022)",100.0,0.0,0.0,0.0,0.0,0.0,850.0,850.0,30.0,30.0,0.0,0.225,0.225,15.0,15.0,No,Fluidized Bed,16.2,75.42,8.38,0.0
EXP_BELDEN_0062,mixed_plastic,"WPI Pyrolysis Benchmark (Belden et al., 2022)",60.0,40.0,0.0,0.0,0.0,0.0,475.0,475.0,30.0,30.0,0.0,1.4,1.4,15.0,15.0,No,Fixed Bed,28.26,13.45,58.29,0.0
EXP_BELDEN_0063,mixed_plastic,"WPI Pyrolysis Benchmark (Belden et al., 2022)",60.0,40.0,0.0,0.0,0.0,0.0,500.0,500.0,30.0,30.0,0.0,1.4,1.4,15.0,15.0,No,Fixed Bed,32.8,16.8,50.4,0.0
EXP_BELDEN_0064,mixed_plastic,"WPI Pyrolysis Benchmark (Belden et al., 2022)",60.0,40.0,0.0,0.0,0.0,0.0,525.0,525.0,30.0,30.0,0.0,1.4,1.4,15.0,15.0,No,Fixed Bed,28.8,22.25,48.95,0.0
EXP_BELDEN_0065,mixed_plastic,"WPI Pyrolysis Benchmark (Belden et al., 2022)",60.0,40.0,0.0,0.0,0.0,0.0,500.0,500.0,30.0,30.0,0.0,1.4,1.4,15.0,15.0,No,Fixed Bed,28.8,17.8,53.4,0.0
EXP_BELDEN_0066,mixed_plastic,"WPI Pyrolysis Benchmark (Belden et al., 2022)",60.0,40.0,0.0,0.0,0.0,0.0,500.0,500.0,30.0,30.0,0.0,1.4,1.4,15.0,15.0,No,Fixed Bed,30.37,17.41,52.22,0.0
EXP_BELDEN_0067,mixed_plastic,"WPI Pyrolysis Benchmark (Belden et al., 2022)",40.0,35.0,18.0,4.0,3.0,0.0,460.0,460.0,30.0,30.0,0.0,3.0,3.0,100.0,100.0,No,Semi Batch,72.0,4.2,23.8,0.0
EXP_BELDEN_0068,mixed_plastic,"WPI Pyrolysis Benchmark (Belden et al., 2022)",40.0,35.0,18.0,4.0,3.0,0.0,500.0,500.0,30.0,30.0,0.0,3.0,3.0,100.0,100.0,No,Semi Batch,65.2,8.7,26.1,0.0
EXP_BELDEN_0069,mixed_plastic,"WPI Pyrolysis Benchmark (Belden et al., 2022)",40.0,35.0,18.0,4.0,3.0,0.0,600.0,600.0,30.0,30.0,0.0,3.0,3.0,100.0,100.0,No,Semi Batch,42.9,28.55,28.55,0.0
EXP_BELDEN_0070,mixed_plastic,"WPI Pyrolysis Benchmark (Belden et al., 2022)",0.0,100.0,0.0,0.0,0.0,0.0,500.0,500.0,30.0,30.0,0.0,2.5,2.5,20.0,20.0,No,Batch,83.0,4.25,12.75,0.0
EXP_BELDEN_0071,mixed_plastic,"WPI Pyrolysis Benchmark (Belden et al., 2022)",100.0,0.0,0.0,0.0,0.0,0.0,500.0,500.0,30.0,30.0,0.0,2.5,2.5,20.0,20.0,No,Batch,76.0,6.0,18.0,0.0
EXP_BELDEN_0072,mixed_plastic,"WPI Pyrolysis Benchmark (Belden et al., 2022)",100.0,0.0,0.0,0.0,0.0,0.0,500.0,500.0,30.0,30.0,0.0,2.5,2.5,20.0,20.0,No,Batch,78.0,5.5,16.5,0.0
EXP_BELDEN_0073,mixed_plastic,"WPI Pyrolysis Benchmark (Belden et al., 2022)",66.6,33.3,0.0,0.0,0.0,0.1,500.0,500.0,30.0,30.0,0.0,2.5,2.5,20.0,20.0,No,Batch,77.0,5.75,17.25,0.0
EXP_BELDEN_0074,mixed_plastic,"WPI Pyrolysis Benchmark (Belden et al., 2022)",60.0,40.0,0.0,0.0,0.0,0.0,450.0,450.0,30.0,30.0,0.0,1.4,1.4,15.0,15.0,No,Fixed Bed,26.68,9.16,64.16,0.0
EXP_BELDEN_0075,mixed_plastic,"WPI Pyrolysis Benchmark (Belden et al., 2022)",0.0,100.0,0.0,0.0,0.0,0.0,400.0,400.0,30.0,30.0,0.0,25.0,25.0,1000.0,1000.0,No,Batch,78.0,2.2,19.8,0.0
EXP_BELDEN_0076,mixed_plastic,"WPI Pyrolysis Benchmark (Belden et al., 2022)",0.0,100.0,0.0,0.0,0.0,0.0,500.0,500.0,30.0,30.0,0.0,25.0,25.0,1000.0,1000.0,No,Batch,81.0,4.75,14.25,0.0
EXP_BELDEN_0077,mixed_plastic,"WPI Pyrolysis Benchmark (Belden et al., 2022)",17.0,0.0,17.0,0.0,66.0,0.0,450.0,450.0,30.0,30.0,0.0,100.0,100.0,60.0,60.0,No,Semi Batch,10.0,11.25,78.75,0.0
EXP_BELDEN_0078,mixed_plastic,"WPI Pyrolysis Benchmark (Belden et al., 2022)",17.0,0.0,66.0,0.0,17.0,0.0,450.0,450.0,30.0,30.0,0.0,100.0,100.0,60.0,60.0,No,Semi Batch,36.0,8.0,56.0,0.0
EXP_BELDEN_0079,mixed_plastic,"WPI Pyrolysis Benchmark (Belden et al., 2022)",100.0,0.0,0.0,0.0,0.0,0.0,450.0,450.0,30.0,30.0,0.0,100.0,100.0,60.0,60.0,No,Semi Batch,30.0,8.75,61.25,0.0
EXP_BELDEN_0080,mixed_plastic,"WPI Pyrolysis Benchmark (Belden et al., 2022)",100.0,0.0,0.0,0.0,0.0,0.0,450.0,450.0,30.0,30.0,0.0,100.0,100.0,60.0,60.0,No,Semi Batch,32.0,8.5,59.5,0.0
EXP_BELDEN_0081,mixed_plastic,"WPI Pyrolysis Benchmark (Belden et al., 2022)",0.0,0.0,0.0,0.0,100.0,0.0,450.0,450.0,30.0,30.0,0.0,100.0,100.0,60.0,60.0,No,Semi Batch,4.0,12.0,84.0,0.0
EXP_BELDEN_0082,mixed_plastic,"WPI Pyrolysis Benchmark (Belden et al., 2022)",50.0,0.0,0.0,0.0,50.0,0.0,450.0,450.0,30.0,30.0,0.0,100.0,100.0,60.0,60.0,No,Semi Batch,8.0,11.5,80.5,0.0
EXP_BELDEN_0083,mixed_plastic,"WPI Pyrolysis Benchmark (Belden et al., 2022)",33.0,0.0,33.0,0.0,33.0,1.0,450.0,450.0,30.0,30.0,0.0,100.0,100.0,60.0,60.0,No,Semi Batch,33.0,8.38,58.62,0.0
EXP_BELDEN_0084,mixed_plastic,"WPI Pyrolysis Benchmark (Belden et al., 2022)",50.0,0.0,50.0,0.0,0.0,0.0,450.0,450.0,30.0,30.0,0.0,100.0,100.0,60.0,60.0,No,Semi Batch,52.0,6.0,42.0,0.0
EXP_BELDEN_0085,mixed_plastic,"WPI Pyrolysis Benchmark (Belden et al., 2022)",0.0,0.0,0.0,0.0,100.0,0.0,450.0,450.0,30.0,30.0,0.0,100.0,100.0,60.0,60.0,No,Semi Batch,2.0,12.25,85.75,0.0
EXP_BELDEN_0086,mixed_plastic,"WPI Pyrolysis Benchmark (Belden et al., 2022)",0.0,0.0,100.0,0.0,0.0,0.0,450.0,450.0,30.0,30.0,0.0,100.0,100.0,60.0,60.0,No,Semi Batch,49.0,6.38,44.62,0.0
EXP_BELDEN_0087,mixed_plastic,"WPI Pyrolysis Benchmark (Belden et al., 2022)",0.0,0.0,50.0,0.0,50.0,0.0,450.0,450.0,30.0,30.0,0.0,100.0,100.0,60.0,60.0,No,Semi Batch,27.0,9.12,63.88,0.0
EXP_BELDEN_0088,mixed_plastic,"WPI Pyrolysis Benchmark (Belden et al., 2022)",0.0,100.0,0.0,0.0,0.0,0.0,450.0,450.0,30.0,30.0,0.0,25.0,25.0,1000.0,1000.0,No,Batch,79.6,2.55,17.85,0.0
EXP_BELDEN_0089,mixed_plastic,"WPI Pyrolysis Benchmark (Belden et al., 2022)",60.0,40.0,0.0,0.0,0.0,0.0,500.0,500.0,30.0,30.0,0.0,1.4,1.4,15.0,15.0,No,Fixed Bed,30.66,17.34,52.0,0.0
EXP_BELDEN_0090,mixed_plastic,"WPI Pyrolysis Benchmark (Belden et al., 2022)",60.0,40.0,0.0,0.0,0.0,0.0,400.0,400.0,30.0,30.0,0.0,1.4,1.4,15.0,15.0,No,Fixed Bed,18.89,8.11,73.0,0.0
EXP_BELDEN_0091,mixed_plastic,"WPI Pyrolysis Benchmark (Belden et al., 2022)",0.0,100.0,0.0,0.0,0.0,0.0,400.0,400.0,30.0,30.0,0.0,50.0,50.0,1000.0,1000.0,No,Batch,88.86,1.11,10.03,0.0
EXP_BELDEN_0092,mixed_plastic,"WPI Pyrolysis Benchmark (Belden et al., 2022)",100.0,0.0,0.0,0.0,0.0,0.0,850.0,850.0,30.0,30.0,0.0,0.225,0.225,15.0,15.0,No,Fluidized Bed,15.4,76.14,8.46,0.0
EXP_BELDEN_0093,mixed_plastic,"WPI Pyrolysis Benchmark (Belden et al., 2022)",100.0,0.0,0.0,0.0,0.0,0.0,850.0,850.0,30.0,30.0,0.0,0.225,0.225,15.0,15.0,No,Fluidized Bed,12.2,79.02,8.78,0.0
EXP_BELDEN_0094,mixed_plastic,"WPI Pyrolysis Benchmark (Belden et al., 2022)",0.0,0.0,100.0,0.0,0.0,0.0,450.0,450.0,30.0,30.0,0.0,3.5,3.5,10.0,10.0,No,Fluidized Bed,97.6,0.3,2.1,0.0
EXP_BELDEN_0095,mixed_plastic,"WPI Pyrolysis Benchmark (Belden et al., 2022)",0.0,0.0,100.0,0.0,0.0,0.0,500.0,500.0,30.0,30.0,0.0,3.5,3.5,10.0,10.0,No,Fluidized Bed,96.4,0.9,2.7,-0.0
EXP_BELDEN_0096,mixed_plastic,"WPI Pyrolysis Benchmark (Belden et al., 2022)",0.0,0.0,100.0,0.0,0.0,0.0,550.0,550.0,30.0,30.0,0.0,3.5,3.5,10.0,10.0,No,Fluidized Bed,95.3,1.76,2.94,0.0
EXP_BELDEN_0097,mixed_plastic,"WPI Pyrolysis Benchmark (Belden et al., 2022)",0.0,0.0,100.0,0.0,0.0,0.0,600.0,600.0,30.0,30.0,0.0,3.5,3.5,10.0,10.0,No,Fluidized Bed,98.7,0.65,0.65,-0.0
EXP_BELDEN_0098,mixed_plastic,"WPI Pyrolysis Benchmark (Belden et al., 2022)",0.0,0.0,100.0,0.0,0.0,0.0,650.0,650.0,30.0,30.0,0.0,3.5,3.5,10.0,10.0,No,Fluidized Bed,90.7,5.81,3.49,0.0
EXP_BELDEN_0099,mixed_plastic,"WPI Pyrolysis Benchmark (Belden et al., 2022)",0.0,0.0,100.0,0.0,0.0,0.0,700.0,700.0,30.0,30.0,0.0,3.5,3.5,10.0,10.0,No,Fluidized Bed,90.2,7.35,2.45,0.0
EXP_BELDEN_0100,mixed_plastic,"WPI Pyrolysis Benchmark (Belden et al., 2022)",100.0,0.0,0.0,0.0,0.0,0.0,425.0,425.0,30.0,30.0,0.0,2.0,2.0,10.0,10.0,No,Batch,89.5,1.05,9.45,0.0
EXP_BELDEN_0101,mixed_plastic,"WPI Pyrolysis Benchmark (Belden et al., 2022)",100.0,0.0,0.0,0.0,0.0,0.0,450.0,450.0,30.0,30.0,0.0,2.0,2.0,10.0,10.0,No,Batch,72.4,3.45,24.15,0.0
EXP_BELDEN_0102,mixed_plastic,"WPI Pyrolysis Benchmark (Belden et al., 2022)",100.0,0.0,0.0,0.0,0.0,0.0,500.0,500.0,30.0,30.0,0.0,2.0,2.0,10.0,10.0,No,Batch,37.5,15.62,46.88,0.0
EXP_BELDEN_0103,mixed_plastic,"WPI Pyrolysis Benchmark (Belden et al., 2022)",0.0,0.0,100.0,0.0,0.0,0.0,350.0,350.0,30.0,30.0,0.0,2.0,2.0,10.0,10.0,No,Batch,99.0,0.1,0.9,0.0
EXP_BELDEN_0104,mixed_plastic,"WPI Pyrolysis Benchmark (Belden et al., 2022)",0.0,0.0,100.0,0.0,0.0,0.0,450.0,450.0,30.0,30.0,0.0,2.0,2.0,10.0,10.0,No,Batch,79.4,2.57,18.02,0.01
EXP_BELDEN_0105,mixed_plastic,"WPI Pyrolysis Benchmark (Belden et al., 2022)",0.0,0.0,100.0,0.0,0.0,0.0,500.0,500.0,30.0,30.0,0.0,2.0,2.0,10.0,10.0,No,Batch,67.1,8.23,24.68,-0.01
EXP_BELDEN_0106,mixed_plastic,"WPI Pyrolysis Benchmark (Belden et al., 2022)",70.0,0.0,30.0,0.0,0.0,0.0,400.0,400.0,30.0,30.0,0.0,2.0,2.0,10.0,10.0,No,Batch,96.0,0.4,3.6,0.0
EXP_BELDEN_0107,mixed_plastic,"WPI Pyrolysis Benchmark (Belden et al., 2022)",70.0,0.0,30.0,0.0,0.0,0.0,425.0,425.0,30.0,30.0,0.0,2.0,2.0,10.0,10.0,No,Batch,90.2,0.98,8.82,0.0
EXP_BELDEN_0108,mixed_plastic,"WPI Pyrolysis Benchmark (Belden et al., 2022)",70.0,0.0,30.0,0.0,0.0,0.0,450.0,450.0,30.0,30.0,0.0,2.0,2.0,10.0,10.0,No,Batch,83.7,2.04,14.26,-0.0
EXP_BELDEN_0109,mixed_plastic,"WPI Pyrolysis Benchmark (Belden et al., 2022)",0.0,100.0,0.0,0.0,0.0,0.0,380.0,380.0,30.0,30.0,0.0,2.5,2.5,10.0,10.0,No,Batch,64.9,3.51,31.59,-0.0
EXP_BELDEN_0110,mixed_plastic,"WPI Pyrolysis Benchmark (Belden et al., 2022)",0.0,100.0,0.0,0.0,0.0,0.0,380.0,380.0,30.0,30.0,0.0,2.5,2.5,10.0,10.0,No,Batch,80.1,1.99,17.91,0.0
EXP_BELDEN_0111,mixed_plastic,"WPI Pyrolysis Benchmark (Belden et al., 2022)",100.0,0.0,0.0,0.0,0.0,0.0,430.0,430.0,30.0,30.0,0.0,2.5,2.5,10.0,10.0,No,Batch,69.3,3.07,27.63,0.0
EXP_BELDEN_0112,mixed_plastic,"WPI Pyrolysis Benchmark (Belden et al., 2022)",0.0,100.0,0.0,0.0,0.0,0.0,250.0,250.0,30.0,30.0,0.0,50.0,50.0,1000.0,1000.0,No,Batch,51.76,4.82,43.42,0.0
EXP_BELDEN_0113,mixed_plastic,"WPI Pyrolysis Benchmark (Belden et al., 2022)",0.0,100.0,0.0,0.0,0.0,0.0,300.0,300.0,30.0,30.0,0.0,50.0,50.0,1000.0,1000.0,No,Batch,68.98,3.1,27.92,0.0
EXP_BELDEN_0114,mixed_plastic,"WPI Pyrolysis Benchmark (Belden et al., 2022)",0.0,100.0,0.0,0.0,0.0,0.0,350.0,350.0,30.0,30.0,0.0,50.0,50.0,1000.0,1000.0,No,Batch,79.68,2.03,18.29,0.0
EXP_BELDEN_0115,mixed_plastic,"WPI Pyrolysis Benchmark (Belden et al., 2022)",0.0,100.0,0.0,0.0,0.0,0.0,400.0,400.0,30.0,30.0,0.0,50.0,50.0,1000.0,1000.0,No,Batch,80.14,1.99,17.87,0.0
EXP_BELDEN_0116,mixed_plastic,"WPI Pyrolysis Benchmark (Belden et al., 2022)",0.0,100.0,0.0,0.0,0.0,0.0,250.0,250.0,30.0,30.0,0.0,50.0,50.0,1000.0,1000.0,No,Batch,52.31,4.77,42.92,0.0
EXP_BELDEN_0117,mixed_plastic,"WPI Pyrolysis Benchmark (Belden et al., 2022)",0.0,100.0,0.0,0.0,0.0,0.0,300.0,300.0,30.0,30.0,0.0,50.0,50.0,1000.0,1000.0,No,Batch,69.32,3.07,27.61,0.0
EXP_BELDEN_0118,mixed_plastic,"WPI Pyrolysis Benchmark (Belden et al., 2022)",0.0,100.0,0.0,0.0,0.0,0.0,350.0,350.0,30.0,30.0,0.0,50.0,50.0,1000.0,1000.0,No,Batch,85.06,1.49,13.45,0.0
EXP_BELDEN_0119,mixed_plastic,"WPI Pyrolysis Benchmark (Belden et al., 2022)",100.0,0.0,0.0,0.0,0.0,0.0,850.0,850.0,30.0,30.0,0.0,0.225,0.225,15.0,15.0,No,Fluidized Bed,11.4,79.74,8.86,0.0
EXP_BELDEN_0120,mixed_plastic,"WPI Pyrolysis Benchmark (Belden et al., 2022)",100.0,0.0,0.0,0.0,0.0,0.0,430.0,430.0,30.0,30.0,0.0,2.5,2.5,10.0,10.0,No,Batch,83.7,1.63,14.67,0.0
EXP_BELDEN_0121,mixed_plastic,"WPI Pyrolysis Benchmark (Belden et al., 2022)",0.0,0.0,100.0,0.0,0.0,0.0,450.0,450.0,30.0,30.0,0.0,100.0,100.0,60.0,60.0,No,Semi Batch,40.0,7.5,52.5,0.0
EXP_BELDEN_0122,mixed_plastic,"WPI Pyrolysis Benchmark (Belden et al., 2022)",100.0,0.0,0.0,0.0,0.0,0.0,430.0,430.0,30.0,30.0,0.0,2.5,2.5,10.0,10.0,No,Batch,84.3,1.57,14.13,0.0
EXP_BELDEN_0123,mixed_plastic,"WPI Pyrolysis Benchmark (Belden et al., 2022)",0.0,0.0,100.0,0.0,0.0,0.0,450.0,450.0,30.0,30.0,0.0,1.5,1.5,10.0,10.0,No,Batch,95.79,0.53,3.68,-0.0
EXP_BELDEN_0124,mixed_plastic,"WPI Pyrolysis Benchmark (Belden et al., 2022)",0.0,0.0,100.0,0.0,0.0,0.0,450.0,450.0,30.0,30.0,0.0,1.5,1.5,10.0,10.0,No,Batch,92.75,0.91,6.34,0.0
EXP_BELDEN_0125,mixed_plastic,"WPI Pyrolysis Benchmark (Belden et al., 2022)",0.0,0.0,100.0,0.0,0.0,0.0,450.0,450.0,30.0,30.0,0.0,1.5,1.5,10.0,10.0,No,Batch,92.65,0.92,6.43,0.0
EXP_BELDEN_0126,mixed_plastic,"WPI Pyrolysis Benchmark (Belden et al., 2022)",100.0,0.0,0.0,0.0,0.0,0.0,450.0,450.0,30.0,30.0,0.0,1.5,1.5,10.0,10.0,No,Batch,81.65,2.29,16.06,-0.0
EXP_BELDEN_0127,mixed_plastic,"WPI Pyrolysis Benchmark (Belden et al., 2022)",100.0,0.0,0.0,0.0,0.0,0.0,450.0,450.0,30.0,30.0,0.0,1.5,1.5,10.0,10.0,No,Batch,81.33,2.33,16.34,0.0
EXP_BELDEN_0128,mixed_plastic,"WPI Pyrolysis Benchmark (Belden et al., 2022)",100.0,0.0,0.0,0.0,0.0,0.0,450.0,450.0,30.0,30.0,0.0,1.5,1.5,10.0,10.0,No,Batch,72.63,3.42,23.95,0.0
EXP_BELDEN_0129,mixed_plastic,"WPI Pyrolysis Benchmark (Belden et al., 2022)",100.0,0.0,0.0,0.0,0.0,0.0,450.0,450.0,30.0,30.0,0.0,1.5,1.5,10.0,10.0,No,Batch,61.24,4.84,33.92,0.0
EXP_BELDEN_0130,mixed_plastic,"WPI Pyrolysis Benchmark (Belden et al., 2022)",0.0,0.0,0.0,0.0,100.0,0.0,450.0,450.0,30.0,30.0,0.0,1.5,1.5,10.0,10.0,No,Batch,39.02,7.62,53.36,0.0
EXP_BELDEN_0131,mixed_plastic,"WPI Pyrolysis Benchmark (Belden et al., 2022)",100.0,0.0,0.0,0.0,0.0,0.0,500.0,500.0,30.0,30.0,0.0,3.0,3.0,100.0,100.0,No,Fixed Bed,62.0,9.5,28.5,0.0
EXP_BELDEN_0132,mixed_plastic,"WPI Pyrolysis Benchmark (Belden et al., 2022)",0.0,0.0,0.0,0.0,100.0,0.0,450.0,450.0,30.0,30.0,0.0,1.5,1.5,10.0,10.0,No,Batch,29.71,8.79,61.5,0.0
EXP_BELDEN_0133,mixed_plastic,"WPI Pyrolysis Benchmark (Belden et al., 2022)",0.0,0.0,0.0,0.0,100.0,0.0,450.0,450.0,30.0,30.0,0.0,1.5,1.5,10.0,10.0,No,Batch,29.16,8.86,61.98,0.0
EXP_BELDEN_0134,mixed_plastic,"WPI Pyrolysis Benchmark (Belden et al., 2022)",0.0,0.0,100.0,0.0,0.0,0.0,450.0,450.0,30.0,30.0,0.0,1.5,1.5,10.0,10.0,No,Batch,95.77,0.53,3.7,0.0
EXP_BELDEN_0135,mixed_plastic,"WPI Pyrolysis Benchmark (Belden et al., 2022)",0.0,100.0,0.0,0.0,0.0,0.0,450.0,450.0,30.0,30.0,0.0,1.5,1.5,10.0,10.0,No,Batch,83.34,2.08,14.58,0.0
EXP_BELDEN_0136,mixed_plastic,"WPI Pyrolysis Benchmark (Belden et al., 2022)",0.0,100.0,0.0,0.0,0.0,0.0,450.0,450.0,30.0,30.0,0.0,1.5,1.5,10.0,10.0,No,Batch,82.92,2.13,14.94,0.01
EXP_BELDEN_0137,mixed_plastic,"WPI Pyrolysis Benchmark (Belden et al., 2022)",0.0,100.0,0.0,0.0,0.0,0.0,450.0,450.0,30.0,30.0,0.0,1.5,1.5,10.0,10.0,No,Batch,68.06,3.99,27.95,0.0
EXP_BELDEN_0138,mixed_plastic,"WPI Pyrolysis Benchmark (Belden et al., 2022)",57.3,8.2,13.0,0.0,0.0,21.5,500.0,500.0,30.0,30.0,0.0,2.5,2.5,400.0,400.0,No,Fixed Bed,29.0,17.75,53.25,0.0
EXP_BELDEN_0139,mixed_plastic,"WPI Pyrolysis Benchmark (Belden et al., 2022)",37.4,13.9,8.7,0.0,0.0,40.0,500.0,500.0,30.0,30.0,0.0,2.5,2.5,400.0,400.0,No,Fixed Bed,26.33,18.42,55.25,0.0
EXP_BELDEN_0140,mixed_plastic,"WPI Pyrolysis Benchmark (Belden et al., 2022)",28.5,22.2,4.0,0.0,0.0,45.3,500.0,500.0,30.0,30.0,0.0,2.5,2.5,400.0,400.0,No,Fixed Bed,44.62,13.84,41.54,0.0
EXP_BELDEN_0141,mixed_plastic,"WPI Pyrolysis Benchmark (Belden et al., 2022)",51.0,15.4,12.4,0.0,0.0,21.2,500.0,500.0,30.0,30.0,0.0,2.5,2.5,400.0,400.0,No,Fixed Bed,43.2,14.2,42.6,0.0
EXP_BELDEN_0142,mixed_plastic,"WPI Pyrolysis Benchmark (Belden et al., 2022)",100.0,0.0,0.0,0.0,0.0,0.0,500.0,500.0,30.0,30.0,0.0,3.0,3.0,50.0,50.0,No,Batch,81.0,4.75,14.25,0.0
EXP_BELDEN_0143,mixed_plastic,"WPI Pyrolysis Benchmark (Belden et al., 2022)",100.0,0.0,0.0,0.0,0.0,0.0,600.0,600.0,30.0,30.0,0.0,3.0,3.0,50.0,50.0,No,Batch,79.1,10.45,10.45,0.0
EXP_BELDEN_0144,mixed_plastic,"WPI Pyrolysis Benchmark (Belden et al., 2022)",100.0,0.0,0.0,0.0,0.0,0.0,700.0,700.0,30.0,30.0,0.0,2.5,2.5,15.0,15.0,No,Fixed Bed,79.72,15.21,5.07,0.0
EXP_BELDEN_0145,mixed_plastic,"WPI Pyrolysis Benchmark (Belden et al., 2022)",100.0,0.0,0.0,0.0,0.0,0.0,700.0,700.0,30.0,30.0,0.0,2.5,2.5,15.0,15.0,No,Fixed Bed,84.25,11.81,3.94,0.0
EXP_BELDEN_0146,mixed_plastic,"WPI Pyrolysis Benchmark (Belden et al., 2022)",0.0,100.0,0.0,0.0,0.0,0.0,700.0,700.0,30.0,30.0,0.0,2.5,2.5,15.0,15.0,No,Fixed Bed,84.44,11.67,3.89,0.0
EXP_BELDEN_0147,mixed_plastic,"WPI Pyrolysis Benchmark (Belden et al., 2022)",0.0,100.0,0.0,0.0,0.0,0.0,450.0,450.0,30.0,30.0,0.0,1.5,1.5,10.0,10.0,No,Batch,82.67,2.17,15.16,0.0
EXP_BELDEN_0148,mixed_plastic,"WPI Pyrolysis Benchmark (Belden et al., 2022)",0.0,0.0,100.0,0.0,0.0,0.0,700.0,700.0,30.0,30.0,0.0,2.5,2.5,15.0,15.0,No,Fixed Bed,83.77,12.17,4.06,0.0
EXP_BELDEN_0149,mixed_plastic,"WPI Pyrolysis Benchmark (Belden et al., 2022)",100.0,0.0,0.0,0.0,0.0,0.0,550.0,550.0,30.0,30.0,0.0,2.5,2.5,20.0,20.0,No,Batch,79.08,7.85,13.08,-0.01
EXP_BELDEN_0150,mixed_plastic,"WPI Pyrolysis Benchmark (Belden et al., 2022)",100.0,0.0,0.0,0.0,0.0,0.0,450.0,450.0,30.0,30.0,0.0,2.5,2.5,20.0,20.0,No,Batch,23.96,9.5,66.54,0.0
EXP_BELDEN_0151,mixed_plastic,"WPI Pyrolysis Benchmark (Belden et al., 2022)",100.0,0.0,0.0,0.0,0.0,0.0,600.0,600.0,30.0,30.0,0.0,2.5,2.5,15.0,15.0,No,Fluidized Bed,28.5,35.75,35.75,0.0
EXP_BELDEN_0152,mixed_plastic,"WPI Pyrolysis Benchmark (Belden et al., 2022)",100.0,0.0,0.0,0.0,0.0,0.0,550.0,550.0,30.0,30.0,0.0,3.0,3.0,100.0,100.0,No,Fixed Bed,71.0,10.88,18.12,0.0
EXP_BELDEN_0153,mixed_plastic,"WPI Pyrolysis Benchmark (Belden et al., 2022)",100.0,0.0,0.0,0.0,0.0,0.0,550.0,550.0,30.0,30.0,0.0,2.5,2.5,15.0,15.0,No,Fluidized Bed,64.7,13.24,22.06,0.0
EXP_BELDEN_0154,mixed_plastic,"WPI Pyrolysis Benchmark (Belden et al., 2022)",100.0,0.0,0.0,0.0,0.0,0.0,550.0,550.0,30.0,30.0,0.0,2.5,2.5,15.0,15.0,No,Fluidized Bed,65.3,13.01,21.69,0.0
EXP_BELDEN_0155,mixed_plastic,"WPI Pyrolysis Benchmark (Belden et al., 2022)",100.0,0.0,0.0,0.0,0.0,0.0,550.0,550.0,30.0,30.0,0.0,2.5,2.5,15.0,15.0,No,Fluidized Bed,72.7,10.24,17.06,0.0
EXP_BELDEN_0156,mixed_plastic,"WPI Pyrolysis Benchmark (Belden et al., 2022)",100.0,0.0,0.0,0.0,0.0,0.0,550.0,550.0,30.0,30.0,0.0,2.5,2.5,15.0,15.0,No,Fluidized Bed,73.9,9.79,16.31,0.0
EXP_BELDEN_0157,mixed_plastic,"WPI Pyrolysis Benchmark (Belden et al., 2022)",100.0,0.0,0.0,0.0,0.0,0.0,600.0,600.0,30.0,30.0,0.0,3.0,3.0,100.0,100.0,No,Fixed Bed,69.0,15.5,15.5,0.0
EXP_BELDEN_0158,mixed_plastic,"WPI Pyrolysis Benchmark (Belden et al., 2022)",100.0,0.0,0.0,0.0,0.0,0.0,650.0,650.0,30.0,30.0,0.0,3.0,3.0,100.0,100.0,No,Fixed Bed,68.0,20.0,12.0,0.0
EXP_BELDEN_0159,mixed_plastic,"WPI Pyrolysis Benchmark (Belden et al., 2022)",100.0,0.0,0.0,0.0,0.0,0.0,700.0,700.0,30.0,30.0,0.0,3.0,3.0,100.0,100.0,No,Fixed Bed,69.0,23.25,7.75,0.0
EXP_BELDEN_0160,mixed_plastic,"WPI Pyrolysis Benchmark (Belden et al., 2022)",100.0,0.0,0.0,0.0,0.0,0.0,750.0,750.0,30.0,30.0,0.0,3.0,3.0,100.0,100.0,No,Fixed Bed,63.0,32.38,4.62,0.0
EXP_BELDEN_0161,mixed_plastic,"WPI Pyrolysis Benchmark (Belden et al., 2022)",100.0,0.0,0.0,0.0,0.0,0.0,800.0,800.0,30.0,30.0,0.0,3.0,3.0,100.0,100.0,No,Fixed Bed,64.0,32.4,3.6,0.0
EXP_BELDEN_0162,mixed_plastic,"WPI Pyrolysis Benchmark (Belden et al., 2022)",100.0,0.0,0.0,0.0,0.0,0.0,500.0,500.0,30.0,30.0,0.0,2.5,2.5,20.0,20.0,No,Batch,72.25,6.94,20.81,0.0
EXP_BELDEN_0163,mixed_plastic,"WPI Pyrolysis Benchmark (Belden et al., 2022)",100.0,0.0,0.0,0.0,0.0,0.0,400.0,400.0,30.0,30.0,0.0,0.5,0.5,0.6,0.6,No,Batch,93.1,0.69,6.21,0.0
EXP_BELDEN_0164,mixed_plastic,"WPI Pyrolysis Benchmark (Belden et al., 2022)",68.0,16.0,16.0,0.0,0.0,0.0,430.0,430.0,30.0,30.0,0.0,3.0,3.0,15.0,15.0,No,Batch,93.0,0.7,6.3,0.0
EXP_BELDEN_0165,mixed_plastic,"WPI Pyrolysis Benchmark (Belden et al., 2022)",16.0,68.0,16.0,0.0,0.0,0.0,430.0,430.0,30.0,30.0,0.0,3.0,3.0,15.0,15.0,No,Batch,90.0,1.0,9.0,0.0
EXP_BELDEN_0166,mixed_plastic,"WPI Pyrolysis Benchmark (Belden et al., 2022)",16.0,16.0,68.0,0.0,0.0,0.0,430.0,430.0,30.0,30.0,0.0,3.0,3.0,15.0,15.0,No,Batch,92.0,0.8,7.2,0.0
EXP_BELDEN_0167,mixed_plastic,"WPI Pyrolysis Benchmark (Belden et al., 2022)",100.0,0.0,0.0,0.0,0.0,0.0,430.0,430.0,30.0,30.0,0.0,3.0,3.0,15.0,15.0,No,Batch,90.0,1.0,9.0,0.0
EXP_BELDEN_0168,mixed_plastic,"WPI Pyrolysis Benchmark (Belden et al., 2022)",0.0,100.0,0.0,0.0,0.0,0.0,430.0,430.0,30.0,30.0,0.0,3.0,3.0,15.0,15.0,No,Batch,92.0,0.8,7.2,0.0
EXP_BELDEN_0169,mixed_plastic,"WPI Pyrolysis Benchmark (Belden et al., 2022)",0.0,0.0,100.0,0.0,0.0,0.0,430.0,430.0,30.0,30.0,0.0,3.0,3.0,15.0,15.0,No,Batch,95.0,0.5,4.5,0.0
EXP_BELDEN_0170,mixed_plastic,"WPI Pyrolysis Benchmark (Belden et al., 2022)",33.0,33.0,33.0,0.0,0.0,1.0,430.0,430.0,30.0,30.0,0.0,3.0,3.0,15.0,15.0,No,Batch,91.0,0.9,8.1,0.0
EXP_BELDEN_0171,mixed_plastic,"WPI Pyrolysis Benchmark (Belden et al., 2022)",100.0,0.0,0.0,0.0,0.0,0.0,450.0,450.0,30.0,30.0,0.0,2.5,2.5,15.0,15.0,No,Batch,84.0,2.0,14.0,0.0
EXP_BELDEN_0172,mixed_plastic,"WPI Pyrolysis Benchmark (Belden et al., 2022)",100.0,0.0,0.0,0.0,0.0,0.0,430.0,430.0,30.0,30.0,0.0,2.5,2.5,10.0,10.0,No,Batch,84.6,1.54,13.86,0.0
EXP_BELDEN_0173,mixed_plastic,"WPI Pyrolysis Benchmark (Belden et al., 2022)",100.0,0.0,0.0,0.0,0.0,0.0,400.0,400.0,30.0,30.0,0.0,2.5,2.5,20.0,20.0,No,Batch,11.2,8.88,79.92,0.0
EXP_BELDEN_0174,mixed_plastic,"WPI Pyrolysis Benchmark (Belden et al., 2022)",100.0,0.0,0.0,0.0,0.0,0.0,500.0,500.0,30.0,30.0,0.0,2.5,2.5,15.0,15.0,No,Fluidized Bed,81.2,4.7,14.1,0.0
EXP_BELDEN_0175,mixed_plastic,"WPI Pyrolysis Benchmark (Belden et al., 2022)",100.0,0.0,0.0,0.0,0.0,0.0,400.0,400.0,30.0,30.0,0.0,0.5,0.5,0.6,0.6,No,Batch,84.7,1.53,13.77,0.0
EXP_BELDEN_0176,mixed_plastic,"WPI Pyrolysis Benchmark (Belden et al., 2022)",0.0,0.0,0.0,100.0,0.0,0.0,700.0,700.0,30.0,30.0,0.0,2.5,2.5,15.0,15.0,No,Fixed Bed,31.69,51.23,17.08,0.0
EXP_BELDEN_0177,mixed_plastic,"WPI Pyrolysis Benchmark (Belden et al., 2022)",0.0,0.0,0.0,0.0,100.0,0.0,450.0,450.0,30.0,30.0,0.0,1.5,1.5,10.0,10.0,No,Batch,35.4,8.07,56.52,0.01
EXP_BELDEN_0178,mixed_plastic,"WPI Pyrolysis Benchmark (Belden et al., 2022)",62.5,7.29,13.5,11.46,5.21,0.04,700.0,700.0,30.0,30.0,0.0,2.5,2.5,15.0,15.0,No,Fixed Bed,75.12,18.66,6.22,0.0
EXP_BELDEN_0179,mixed_plastic,"WPI Pyrolysis Benchmark (Belden et al., 2022)",100.0,0.0,0.0,0.0,0.0,0.0,350.0,350.0,30.0,30.0,0.0,2.5,2.5,2.0,2.0,No,Batch,80.88,1.91,17.21,0.0
EXP_BELDEN_0180,mixed_plastic,"WPI Pyrolysis Benchmark (Belden et al., 2022)",100.0,0.0,0.0,0.0,0.0,0.0,400.0,400.0,30.0,30.0,0.0,2.5,2.5,2.0,2.0,No,Batch,54.17,4.58,41.25,0.0
EXP_BELDEN_0181,mixed_plastic,"WPI Pyrolysis Benchmark (Belden et al., 2022)",0.0,100.0,0.0,0.0,0.0,0.0,460.0,460.0,30.0,30.0,0.0,2.5,2.5,10.0,10.0,No,Batch,86.0,2.1,11.9,0.0
EXP_BELDEN_0182,mixed_plastic,"WPI Pyrolysis Benchmark (Belden et al., 2022)",34.0,66.0,0.0,0.0,0.0,0.0,460.0,460.0,30.0,30.0,0.0,2.5,2.5,10.0,10.0,No,Batch,84.0,2.4,13.6,0.0
EXP_BELDEN_0183,mixed_plastic,"WPI Pyrolysis Benchmark (Belden et al., 2022)",0.0,0.0,0.0,0.0,100.0,0.0,700.0,700.0,30.0,30.0,0.0,2.5,2.5,15.0,15.0,No,Fixed Bed,41.3,44.03,14.68,-0.01
EXP_BELDEN_0184,mixed_plastic,"WPI Pyrolysis Benchmark (Belden et al., 2022)",100.0,0.0,0.0,0.0,0.0,0.0,460.0,460.0,30.0,30.0,0.0,2.5,2.5,10.0,10.0,No,Batch,95.0,0.75,4.25,0.0
EXP_BELDEN_0185,mixed_plastic,"WPI Pyrolysis Benchmark (Belden et al., 2022)",100.0,0.0,0.0,0.0,0.0,0.0,500.0,500.0,30.0,30.0,0.0,2.0,2.0,15.0,15.0,No,Batch,80.41,4.9,14.69,0.0
EXP_BELDEN_0186,mixed_plastic,"WPI Pyrolysis Benchmark (Belden et al., 2022)",100.0,0.0,0.0,0.0,0.0,0.0,500.0,500.0,30.0,30.0,0.0,2.0,2.0,15.0,15.0,No,Batch,79.64,5.09,15.27,0.0
EXP_BELDEN_0187,mixed_plastic,"WPI Pyrolysis Benchmark (Belden et al., 2022)",100.0,0.0,0.0,0.0,0.0,0.0,500.0,500.0,30.0,30.0,0.0,2.0,2.0,15.0,15.0,No,Batch,76.45,5.89,17.66,0.0
EXP_BELDEN_0188,mixed_plastic,"WPI Pyrolysis Benchmark (Belden et al., 2022)",100.0,0.0,0.0,0.0,0.0,0.0,500.0,500.0,30.0,30.0,0.0,2.0,2.0,15.0,15.0,No,Batch,74.32,6.42,19.26,0.0
EXP_BELDEN_0189,mixed_plastic,"WPI Pyrolysis Benchmark (Belden et al., 2022)",100.0,0.0,0.0,0.0,0.0,0.0,300.0,300.0,30.0,30.0,0.0,2.5,2.5,2.0,2.0,No,Batch,30.7,6.93,62.37,0.0
EXP_BELDEN_0190,mixed_plastic,"WPI Pyrolysis Benchmark (Belden et al., 2022)",100.0,0.0,0.0,0.0,0.0,0.0,500.0,500.0,30.0,30.0,0.0,2.0,2.0,15.0,15.0,No,Batch,71.11,7.22,21.67,0.0
EXP_BELDEN_0191,mixed_plastic,"WPI Pyrolysis Benchmark (Belden et al., 2022)",0.0,0.0,0.0,0.0,100.0,0.0,500.0,500.0,30.0,30.0,0.0,2.0,2.0,15.0,15.0,No,Batch,34.16,16.46,49.38,0.0
EXP_BELDEN_0192,mixed_plastic,"WPI Pyrolysis Benchmark (Belden et al., 2022)",0.0,0.0,0.0,0.0,100.0,0.0,500.0,500.0,30.0,30.0,0.0,2.0,2.0,15.0,15.0,No,Batch,32.13,16.97,50.9,0.0
EXP_BELDEN_0193,mixed_plastic,"WPI Pyrolysis Benchmark (Belden et al., 2022)",0.0,0.0,0.0,0.0,100.0,0.0,500.0,500.0,30.0,30.0,0.0,2.0,2.0,15.0,15.0,No,Batch,30.33,17.42,52.25,0.0
EXP_BELDEN_0194,mixed_plastic,"WPI Pyrolysis Benchmark (Belden et al., 2022)",0.0,0.0,0.0,0.0,100.0,0.0,500.0,500.0,30.0,30.0,0.0,2.0,2.0,15.0,15.0,No,Batch,29.14,17.72,53.14,0.0
EXP_BELDEN_0195,mixed_plastic,"WPI Pyrolysis Benchmark (Belden et al., 2022)",0.0,100.0,0.0,0.0,0.0,0.0,500.0,500.0,30.0,30.0,0.0,2.0,2.0,15.0,15.0,No,Batch,82.12,4.47,13.41,0.0
EXP_BELDEN_0196,mixed_plastic,"WPI Pyrolysis Benchmark (Belden et al., 2022)",0.0,100.0,0.0,0.0,0.0,0.0,500.0,500.0,30.0,30.0,0.0,2.0,2.0,15.0,15.0,No,Batch,81.32,4.67,14.01,0.0
EXP_BELDEN_0197,mixed_plastic,"WPI Pyrolysis Benchmark (Belden et al., 2022)",0.0,100.0,0.0,0.0,0.0,0.0,500.0,500.0,30.0,30.0,0.0,2.0,2.0,15.0,15.0,No,Batch,80.65,4.84,14.51,-0.0
EXP_BELDEN_0198,mixed_plastic,"WPI Pyrolysis Benchmark (Belden et al., 2022)",0.0,100.0,0.0,0.0,0.0,0.0,500.0,500.0,30.0,30.0,0.0,2.0,2.0,15.0,15.0,No,Batch,79.41,5.15,15.44,0.0
EXP_BELDEN_0199,mixed_plastic,"WPI Pyrolysis Benchmark (Belden et al., 2022)",0.0,100.0,0.0,0.0,0.0,0.0,500.0,500.0,30.0,30.0,0.0,2.0,2.0,15.0,15.0,No,Batch,78.26,5.43,16.3,0.01
EXP_BELDEN_0200,mixed_plastic,"WPI Pyrolysis Benchmark (Belden et al., 2022)",100.0,0.0,0.0,0.0,0.0,0.0,430.0,430.0,30.0,30.0,0.0,2.5,2.5,10.0,10.0,No,Batch,84.7,1.53,13.77,0.0
EXP_BELDEN_0201,mixed_plastic,"WPI Pyrolysis Benchmark (Belden et al., 2022)",0.0,0.0,0.0,0.0,100.0,0.0,500.0,500.0,30.0,30.0,0.0,2.0,2.0,15.0,15.0,No,Batch,38.89,15.28,45.83,0.0
EXP_BELDEN_0202,mixed_plastic,"WPI Pyrolysis Benchmark (Belden et al., 2022)",0.0,100.0,0.0,0.0,0.0,0.0,400.0,400.0,30.0,30.0,0.0,2.5,2.5,2.0,2.0,No,Batch,63.23,3.68,33.09,0.0
EXP_BELDEN_0203,mixed_plastic,"WPI Pyrolysis Benchmark (Belden et al., 2022)",66.0,34.0,0.0,0.0,0.0,0.0,460.0,460.0,30.0,30.0,0.0,2.5,2.5,10.0,10.0,No,Batch,63.0,5.55,31.45,0.0
EXP_BELDEN_0204,mixed_plastic,"WPI Pyrolysis Benchmark (Belden et al., 2022)",0.0,100.0,0.0,0.0,0.0,0.0,300.0,300.0,30.0,30.0,0.0,2.5,2.5,2.0,2.0,No,Batch,69.82,3.02,27.16,0.0
EXP_BELDEN_0205,mixed_plastic,"WPI Pyrolysis Benchmark (Belden et al., 2022)",86.0,9.7,0.0,0.0,0.0,4.3,450.0,450.0,30.0,30.0,0.0,3.5,3.5,40.0,40.0,No,Horizontal Tube,15.4,10.58,74.02,0.0
EXP_BELDEN_0206,mixed_plastic,"WPI Pyrolysis Benchmark (Belden et al., 2022)",86.0,9.7,0.0,0.0,0.0,4.3,450.0,450.0,30.0,30.0,0.0,3.5,3.5,40.0,40.0,No,Horizontal Tube,46.79,6.65,46.56,0.0
EXP_BELDEN_0207,mixed_plastic,"WPI Pyrolysis Benchmark (Belden et al., 2022)",0.0,100.0,0.0,0.0,0.0,0.0,350.0,350.0,30.0,30.0,0.0,2.5,2.5,2.0,2.0,No,Batch,67.74,3.23,29.03,0.0
EXP_BELDEN_0208,mixed_plastic,"WPI Pyrolysis Benchmark (Belden et al., 2022)",86.0,9.7,0.0,0.0,0.0,4.3,550.0,550.0,30.0,30.0,0.0,3.5,3.5,40.0,40.0,No,Horizontal Tube,58.97,15.39,25.64,0.0
EXP_BELDEN_0209,mixed_plastic,"WPI Pyrolysis Benchmark (Belden et al., 2022)",86.0,9.7,0.0,0.0,0.0,4.3,450.0,450.0,30.0,30.0,0.0,3.5,3.5,40.0,40.0,No,Horizontal Tube,13.61,10.8,75.59,0.0
EXP_BELDEN_0210,mixed_plastic,"WPI Pyrolysis Benchmark (Belden et al., 2022)",86.0,9.7,0.0,0.0,0.0,4.3,450.0,450.0,30.0,30.0,0.0,3.5,3.5,40.0,40.0,No,Horizontal Tube,34.94,8.13,56.93,0.0
EXP_BELDEN_0211,mixed_plastic,"WPI Pyrolysis Benchmark (Belden et al., 2022)",86.0,9.7,0.0,0.0,0.0,4.3,500.0,500.0,30.0,30.0,0.0,3.5,3.5,40.0,40.0,No,Horizontal Tube,63.41,9.15,27.44,0.0
EXP_BELDEN_0212,mixed_plastic,"WPI Pyrolysis Benchmark (Belden et al., 2022)",86.0,9.7,0.0,0.0,0.0,4.3,550.0,550.0,30.0,30.0,0.0,3.5,3.5,40.0,40.0,No,Horizontal Tube,60.48,14.82,24.7,0.0
EXP_BELDEN_0213,mixed_plastic,"WPI Pyrolysis Benchmark (Belden et al., 2022)",86.0,9.7,0.0,0.0,0.0,4.3,450.0,450.0,30.0,30.0,0.0,3.5,3.5,40.0,40.0,No,Horizontal Tube,48.38,6.45,45.17,0.0
EXP_BELDEN_0214,mixed_plastic,"WPI Pyrolysis Benchmark (Belden et al., 2022)",86.0,9.7,0.0,0.0,0.0,4.3,500.0,500.0,30.0,30.0,0.0,3.5,3.5,40.0,40.0,No,Horizontal Tube,66.51,8.37,25.12,-0.0
EXP_BELDEN_0215,mixed_plastic,"WPI Pyrolysis Benchmark (Belden et al., 2022)",86.0,9.7,0.0,0.0,0.0,4.3,500.0,500.0,30.0,30.0,0.0,3.5,3.5,40.0,40.0,No,Horizontal Tube,64.56,8.86,26.58,0.0
EXP_BELDEN_0216,mixed_plastic,"WPI Pyrolysis Benchmark (Belden et al., 2022)",86.0,9.7,0.0,0.0,0.0,4.3,550.0,550.0,30.0,30.0,0.0,3.5,3.5,40.0,40.0,No,Horizontal Tube,59.7,15.11,25.19,0.0
EXP_BELDEN_0217,mixed_plastic,"WPI Pyrolysis Benchmark (Belden et al., 2022)",0.0,100.0,0.0,0.0,0.0,0.0,250.0,250.0,30.0,30.0,0.0,2.5,2.5,2.0,2.0,No,Batch,57.27,4.27,38.46,0.0
EXP_BELDEN_0218,mixed_plastic,"WPI Pyrolysis Benchmark (Belden et al., 2022)",58.6,26.9,8.8,0.0,5.6,0.1,500.0,500.0,30.0,30.0,0.0,2.5,2.5,15.0,15.0,No,Batch,82.0,4.5,13.5,0.0
EXP_BELDEN_0219,mixed_plastic,"WPI Pyrolysis Benchmark (Belden et al., 2022)",58.6,26.9,8.8,0.0,5.6,0.1,500.0,500.0,30.0,30.0,0.0,2.5,2.5,15.0,15.0,No,Batch,75.8,6.05,18.15,0.0
EXP_BELDEN_0220,mixed_plastic,"WPI Pyrolysis Benchmark (Belden et al., 2022)",86.0,9.7,0.0,0.0,0.0,4.3,500.0,500.0,30.0,30.0,0.0,3.5,3.5,40.0,40.0,No,Horizontal Tube,64.22,8.94,26.84,0.0
EXP_BELDEN_0221,mixed_plastic,"WPI Pyrolysis Benchmark (Belden et al., 2022)",86.0,9.7,0.0,0.0,0.0,4.3,500.0,500.0,30.0,30.0,0.0,3.5,3.5,40.0,40.0,No,Horizontal Tube,63.91,9.02,27.07,0.0
EXP_BELDEN_0222,mixed_plastic,"WPI Pyrolysis Benchmark (Belden et al., 2022)",86.0,9.7,0.0,0.0,0.0,4.3,550.0,550.0,30.0,30.0,0.0,3.5,3.5,40.0,40.0,No,Horizontal Tube,56.08,16.47,27.45,0.0
EXP_BELDEN_0223,mixed_plastic,"WPI Pyrolysis Benchmark (Belden et al., 2022)",86.0,9.7,0.0,0.0,0.0,4.3,550.0,550.0,30.0,30.0,0.0,3.5,3.5,40.0,40.0,No,Horizontal Tube,59.21,15.3,25.49,0.0
EXP_BELDEN_0224,mixed_plastic,"WPI Pyrolysis Benchmark (Belden et al., 2022)",66.6,33.3,0.0,0.0,0.0,0.1,500.0,500.0,30.0,30.0,0.0,2.5,2.5,20.0,20.0,Yes,Batch,79.0,5.25,15.75,0.0
EXP_BELDEN_0225,mixed_plastic,"WPI Pyrolysis Benchmark (Belden et al., 2022)",100.0,0.0,0.0,0.0,0.0,0.0,500.0,500.0,30.0,30.0,0.0,2.5,2.5,20.0,20.0,Yes,Batch,68.0,8.0,24.0,0.0
EXP_BELDEN_0226,mixed_plastic,"WPI Pyrolysis Benchmark (Belden et al., 2022)",0.0,65.0,0.0,0.0,35.0,0.0,500.0,500.0,30.0,30.0,0.0,25.0,25.0,1000.0,1000.0,Yes,Batch,45.0,13.75,41.25,0.0
EXP_BELDEN_0227,mixed_plastic,"WPI Pyrolysis Benchmark (Belden et al., 2022)",0.0,75.0,0.0,0.0,25.0,0.0,450.0,450.0,30.0,30.0,0.0,25.0,25.0,1000.0,1000.0,Yes,Batch,54.7,5.66,39.64,0.0
EXP_BELDEN_0228,mixed_plastic,"WPI Pyrolysis Benchmark (Belden et al., 2022)",0.0,90.0,0.0,0.0,10.0,0.0,400.0,400.0,30.0,30.0,0.0,25.0,25.0,1000.0,1000.0,Yes,Batch,73.0,2.7,24.3,0.0
EXP_BELDEN_0229,mixed_plastic,"WPI Pyrolysis Benchmark (Belden et al., 2022)",100.0,0.0,0.0,0.0,0.0,0.0,500.0,500.0,30.0,30.0,0.0,2.5,2.5,20.0,20.0,Yes,Batch,79.0,5.25,15.75,0.0
EXP_BELDEN_0230,mixed_plastic,"WPI Pyrolysis Benchmark (Belden et al., 2022)",0.0,100.0,0.0,0.0,0.0,0.0,450.0,450.0,30.0,30.0,0.0,25.0,25.0,1000.0,1000.0,Yes,Batch,75.5,3.06,21.44,0.0
EXP_BELDEN_0231,mixed_plastic,"WPI Pyrolysis Benchmark (Belden et al., 2022)",0.0,100.0,0.0,0.0,0.0,0.0,400.0,400.0,30.0,30.0,0.0,25.0,25.0,1000.0,1000.0,Yes,Batch,78.4,2.16,19.44,0.0
EXP_BELDEN_0232,mixed_plastic,"WPI Pyrolysis Benchmark (Belden et al., 2022)",100.0,0.0,0.0,0.0,0.0,0.0,500.0,500.0,30.0,30.0,0.0,2.5,2.5,20.0,20.0,Yes,Batch,80.0,5.0,15.0,0.0
EXP_BELDEN_0233,mixed_plastic,"WPI Pyrolysis Benchmark (Belden et al., 2022)",100.0,0.0,0.0,0.0,0.0,0.0,500.0,500.0,30.0,30.0,0.0,2.5,2.5,20.0,20.0,Yes,Batch,79.0,5.25,15.75,0.0
EXP_BELDEN_0234,mixed_plastic,"WPI Pyrolysis Benchmark (Belden et al., 2022)",100.0,0.0,0.0,0.0,0.0,0.0,550.0,550.0,30.0,30.0,0.0,2.5,2.5,15.0,15.0,Yes,Fixed Bed,72.0,10.5,17.5,0.0
EXP_BELDEN_0235,mixed_plastic,"WPI Pyrolysis Benchmark (Belden et al., 2022)",66.6,33.3,0.0,0.0,0.0,0.1,500.0,500.0,30.0,30.0,0.0,2.5,2.5,20.0,20.0,Yes,Batch,76.0,6.0,18.0,0.0
EXP_BELDEN_0236,mixed_plastic,"WPI Pyrolysis Benchmark (Belden et al., 2022)",66.6,33.3,0.0,0.0,0.0,0.1,500.0,500.0,30.0,30.0,0.0,2.5,2.5,20.0,20.0,Yes,Batch,78.0,5.5,16.5,0.0
EXP_BELDEN_0237,mixed_plastic,"WPI Pyrolysis Benchmark (Belden et al., 2022)",100.0,0.0,0.0,0.0,0.0,0.0,500.0,500.0,30.0,30.0,0.0,2.5,2.5,20.0,20.0,Yes,Batch,73.0,6.75,20.25,0.0
EXP_BELDEN_0238,mixed_plastic,"WPI Pyrolysis Benchmark (Belden et al., 2022)",66.6,33.3,0.0,0.0,0.0,0.1,500.0,500.0,30.0,30.0,0.0,2.5,2.5,20.0,20.0,Yes,Batch,80.0,5.0,15.0,0.0
EXP_BELDEN_0239,mixed_plastic,"WPI Pyrolysis Benchmark (Belden et al., 2022)",0.0,100.0,0.0,0.0,0.0,0.0,500.0,500.0,30.0,30.0,0.0,25.0,25.0,1000.0,1000.0,Yes,Batch,53.2,11.7,35.1,0.0
EXP_BELDEN_0240,mixed_plastic,"WPI Pyrolysis Benchmark (Belden et al., 2022)",100.0,0.0,0.0,0.0,0.0,0.0,500.0,500.0,30.0,30.0,0.0,2.5,2.5,15.0,15.0,Yes,Fixed Bed,77.0,5.75,17.25,0.0
EXP_BELDEN_0241,mixed_plastic,"WPI Pyrolysis Benchmark (Belden et al., 2022)",100.0,0.0,0.0,0.0,0.0,0.0,450.0,450.0,30.0,30.0,0.0,20.0,20.0,1000.0,1000.0,Yes,Batch,42.0,7.25,50.75,0.0
EXP_BELDEN_0242,mixed_plastic,"WPI Pyrolysis Benchmark (Belden et al., 2022)",100.0,0.0,0.0,0.0,0.0,0.0,400.0,400.0,30.0,30.0,0.0,2.5,2.5,15.0,15.0,Yes,Fixed Bed,83.0,1.7,15.3,0.0
EXP_BELDEN_0243,mixed_plastic,"WPI Pyrolysis Benchmark (Belden et al., 2022)",100.0,0.0,0.0,0.0,0.0,0.0,600.0,600.0,30.0,30.0,0.0,2.5,2.5,15.0,15.0,Yes,Fixed Bed,70.0,15.0,15.0,0.0
EXP_BELDEN_0244,mixed_plastic,"WPI Pyrolysis Benchmark (Belden et al., 2022)",100.0,0.0,0.0,0.0,0.0,0.0,600.0,600.0,30.0,30.0,0.0,0.5,0.5,15.0,15.0,Yes,Semi Batch,48.97,25.52,25.52,-0.01
EXP_BELDEN_0245,mixed_plastic,"WPI Pyrolysis Benchmark (Belden et al., 2022)",100.0,0.0,0.0,0.0,0.0,0.0,550.0,550.0,30.0,30.0,0.0,0.5,0.5,15.0,15.0,Yes,Semi Batch,53.0,17.62,29.38,0.0
EXP_BELDEN_0246,mixed_plastic,"WPI Pyrolysis Benchmark (Belden et al., 2022)",100.0,0.0,0.0,0.0,0.0,0.0,500.0,500.0,30.0,30.0,0.0,0.5,0.5,15.0,15.0,Yes,Semi Batch,56.53,10.87,32.6,0.0
EXP_BELDEN_0247,mixed_plastic,"WPI Pyrolysis Benchmark (Belden et al., 2022)",100.0,0.0,0.0,0.0,0.0,0.0,450.0,450.0,30.0,30.0,0.0,0.5,0.5,15.0,15.0,Yes,Semi Batch,34.5,8.19,57.31,0.0
EXP_BELDEN_0248,mixed_plastic,"WPI Pyrolysis Benchmark (Belden et al., 2022)",20.0,20.0,20.0,0.0,20.0,20.0,450.0,450.0,30.0,30.0,0.0,20.0,20.0,1000.0,1000.0,Yes,Batch,30.0,8.75,61.25,0.0
EXP_BELDEN_0249,mixed_plastic,"WPI Pyrolysis Benchmark (Belden et al., 2022)",20.0,20.0,20.0,0.0,20.0,20.0,450.0,450.0,30.0,30.0,0.0,20.0,20.0,1000.0,1000.0,Yes,Batch,28.0,9.0,63.0,0.0
EXP_BELDEN_0250,mixed_plastic,"WPI Pyrolysis Benchmark (Belden et al., 2022)",25.0,25.0,50.0,0.0,0.0,0.0,450.0,450.0,30.0,30.0,0.0,20.0,20.0,1000.0,1000.0,Yes,Batch,40.0,7.5,52.5,0.0
EXP_BELDEN_0251,mixed_plastic,"WPI Pyrolysis Benchmark (Belden et al., 2022)",25.0,25.0,50.0,0.0,0.0,0.0,450.0,450.0,30.0,30.0,0.0,20.0,20.0,1000.0,1000.0,Yes,Batch,44.0,7.0,49.0,0.0
EXP_BELDEN_0252,mixed_plastic,"WPI Pyrolysis Benchmark (Belden et al., 2022)",50.0,50.0,0.0,0.0,0.0,0.0,450.0,450.0,30.0,30.0,0.0,20.0,20.0,1000.0,1000.0,Yes,Batch,40.0,7.5,52.5,0.0
EXP_BELDEN_0253,mixed_plastic,"WPI Pyrolysis Benchmark (Belden et al., 2022)",50.0,50.0,0.0,0.0,0.0,0.0,450.0,450.0,30.0,30.0,0.0,20.0,20.0,1000.0,1000.0,Yes,Batch,44.0,7.0,49.0,0.0
EXP_BELDEN_0254,mixed_plastic,"WPI Pyrolysis Benchmark (Belden et al., 2022)",0.0,50.0,50.0,0.0,0.0,0.0,450.0,450.0,30.0,30.0,0.0,20.0,20.0,1000.0,1000.0,Yes,Batch,34.0,8.25,57.75,0.0
EXP_BELDEN_0255,mixed_plastic,"WPI Pyrolysis Benchmark (Belden et al., 2022)",0.0,50.0,50.0,0.0,0.0,0.0,450.0,450.0,30.0,30.0,0.0,20.0,20.0,1000.0,1000.0,Yes,Batch,54.0,5.75,40.25,0.0
EXP_BELDEN_0256,mixed_plastic,"WPI Pyrolysis Benchmark (Belden et al., 2022)",50.0,0.0,50.0,0.0,0.0,0.0,450.0,450.0,30.0,30.0,0.0,20.0,20.0,1000.0,1000.0,Yes,Batch,52.0,6.0,42.0,0.0
EXP_BELDEN_0257,mixed_plastic,"WPI Pyrolysis Benchmark (Belden et al., 2022)",50.0,0.0,50.0,0.0,0.0,0.0,450.0,450.0,30.0,30.0,0.0,20.0,20.0,1000.0,1000.0,Yes,Batch,44.0,7.0,49.0,0.0
EXP_BELDEN_0258,mixed_plastic,"WPI Pyrolysis Benchmark (Belden et al., 2022)",0.0,100.0,0.0,0.0,0.0,0.0,450.0,450.0,30.0,30.0,0.0,20.0,20.0,1000.0,1000.0,Yes,Batch,54.0,5.75,40.25,0.0
EXP_BELDEN_0259,mixed_plastic,"WPI Pyrolysis Benchmark (Belden et al., 2022)",0.0,100.0,0.0,0.0,0.0,0.0,450.0,450.0,30.0,30.0,0.0,20.0,20.0,1000.0,1000.0,Yes,Batch,40.0,7.5,52.5,0.0
EXP_BELDEN_0260,mixed_plastic,"WPI Pyrolysis Benchmark (Belden et al., 2022)",100.0,0.0,0.0,0.0,0.0,0.0,550.0,550.0,30.0,30.0,0.0,2.5,2.5,15.0,15.0,Yes,Fixed Bed,76.0,9.0,15.0,0.0
EXP_BELDEN_0261,mixed_plastic,"WPI Pyrolysis Benchmark (Belden et al., 2022)",100.0,0.0,0.0,0.0,0.0,0.0,500.0,500.0,30.0,30.0,0.0,2.5,2.5,15.0,15.0,Yes,Fixed Bed,80.0,5.0,15.0,0.0
EXP_BELDEN_0262,mixed_plastic,"WPI Pyrolysis Benchmark (Belden et al., 2022)",100.0,0.0,0.0,0.0,0.0,0.0,450.0,450.0,30.0,30.0,0.0,2.5,2.5,15.0,15.0,Yes,Fixed Bed,81.0,2.38,16.62,0.0
EXP_BELDEN_0263,mixed_plastic,"WPI Pyrolysis Benchmark (Belden et al., 2022)",100.0,0.0,0.0,0.0,0.0,0.0,400.0,400.0,30.0,30.0,0.0,2.5,2.5,15.0,15.0,Yes,Fixed Bed,84.0,1.6,14.4,0.0
EXP_BELDEN_0264,mixed_plastic,"WPI Pyrolysis Benchmark (Belden et al., 2022)",100.0,0.0,0.0,0.0,0.0,0.0,600.0,600.0,30.0,30.0,0.0,2.5,2.5,15.0,15.0,Yes,Fixed Bed,71.0,14.5,14.5,0.0
EXP_BELDEN_0265,mixed_plastic,"WPI Pyrolysis Benchmark (Belden et al., 2022)",100.0,0.0,0.0,0.0,0.0,0.0,450.0,450.0,30.0,30.0,0.0,20.0,20.0,1000.0,1000.0,Yes,Batch,40.0,7.5,52.5,0.0
EXP_BELDEN_0266,mixed_plastic,"WPI Pyrolysis Benchmark (Belden et al., 2022)",0.0,0.0,100.0,0.0,0.0,0.0,450.0,450.0,30.0,30.0,0.0,20.0,20.0,1000.0,1000.0,Yes,Batch,60.0,5.0,35.0,0.0
EXP_BELDEN_0267,mixed_plastic,"WPI Pyrolysis Benchmark (Belden et al., 2022)",0.0,0.0,100.0,0.0,0.0,0.0,450.0,450.0,30.0,30.0,0.0,20.0,20.0,1000.0,1000.0,Yes,Batch,70.0,3.75,26.25,0.0
EXP_BELDEN_0268,mixed_plastic,"WPI Pyrolysis Benchmark (Belden et al., 2022)",100.0,0.0,0.0,0.0,0.0,0.0,450.0,450.0,30.0,30.0,0.0,2.5,2.5,15.0,15.0,Yes,Fixed Bed,80.0,2.5,17.5,0.0
EXP_BELDEN_0269,mixed_plastic,"WPI Pyrolysis Benchmark (Belden et al., 2022)",100.0,0.0,0.0,0.0,0.0,0.0,500.0,500.0,30.0,30.0,0.0,2.5,2.5,20.0,20.0,Yes,Batch,75.0,6.25,18.75,0.0
EXP_BELDEN_0270,mixed_plastic,"WPI Pyrolysis Benchmark (Belden et al., 2022)",100.0,0.0,0.0,0.0,0.0,0.0,430.0,430.0,30.0,30.0,0.0,2.5,2.5,10.0,10.0,Yes,Batch,71.1,2.89,26.01,0.0
EXP_BELDEN_0271,mixed_plastic,"WPI Pyrolysis Benchmark (Belden et al., 2022)",100.0,0.0,0.0,0.0,0.0,0.0,500.0,500.0,30.0,30.0,0.0,2.5,2.5,20.0,20.0,Yes,Batch,78.0,5.5,16.5,0.0
EXP_BELDEN_0272,mixed_plastic,"WPI Pyrolysis Benchmark (Belden et al., 2022)",100.0,0.0,0.0,0.0,0.0,0.0,430.0,430.0,30.0,30.0,0.0,2.5,2.5,10.0,10.0,Yes,Batch,49.8,5.02,45.18,0.0
EXP_BELDEN_0273,mixed_plastic,"WPI Pyrolysis Benchmark (Belden et al., 2022)",100.0,0.0,0.0,0.0,0.0,0.0,430.0,430.0,30.0,30.0,0.0,2.5,2.5,10.0,10.0,Yes,Batch,74.3,2.57,23.13,0.0
EXP_BELDEN_0274,mixed_plastic,"WPI Pyrolysis Benchmark (Belden et al., 2022)",100.0,0.0,0.0,0.0,0.0,0.0,430.0,430.0,30.0,30.0,0.0,2.5,2.5,10.0,10.0,Yes,Batch,67.8,3.22,28.98,0.0
EXP_BELDEN_0275,mixed_plastic,"WPI Pyrolysis Benchmark (Belden et al., 2022)",0.0,100.0,0.0,0.0,0.0,0.0,380.0,380.0,30.0,30.0,0.0,2.5,2.5,10.0,10.0,Yes,Batch,83.0,1.7,15.3,0.0
EXP_BELDEN_0276,mixed_plastic,"WPI Pyrolysis Benchmark (Belden et al., 2022)",0.0,100.0,0.0,0.0,0.0,0.0,380.0,380.0,30.0,30.0,0.0,2.5,2.5,10.0,10.0,Yes,Batch,83.7,1.63,14.67,0.0
EXP_BELDEN_0277,mixed_plastic,"WPI Pyrolysis Benchmark (Belden et al., 2022)",0.0,100.0,0.0,0.0,0.0,0.0,380.0,380.0,30.0,30.0,0.0,2.5,2.5,10.0,10.0,Yes,Batch,83.3,1.67,15.03,0.0
EXP_BELDEN_0278,mixed_plastic,"WPI Pyrolysis Benchmark (Belden et al., 2022)",0.0,100.0,0.0,0.0,0.0,0.0,380.0,380.0,30.0,30.0,0.0,2.5,2.5,10.0,10.0,Yes,Batch,85.4,1.46,13.14,0.0
EXP_BELDEN_0279,mixed_plastic,"WPI Pyrolysis Benchmark (Belden et al., 2022)",0.0,100.0,0.0,0.0,0.0,0.0,380.0,380.0,30.0,30.0,0.0,2.5,2.5,10.0,10.0,Yes,Batch,86.4,1.36,12.24,0.0
EXP_BELDEN_0280,mixed_plastic,"WPI Pyrolysis Benchmark (Belden et al., 2022)",0.0,100.0,0.0,0.0,0.0,0.0,380.0,380.0,30.0,30.0,0.0,2.5,2.5,10.0,10.0,Yes,Batch,80.6,1.94,17.46,0.0
EXP_BELDEN_0281,mixed_plastic,"WPI Pyrolysis Benchmark (Belden et al., 2022)",0.0,100.0,0.0,0.0,0.0,0.0,380.0,380.0,30.0,30.0,0.0,2.5,2.5,10.0,10.0,Yes,Batch,75.4,2.46,22.14,0.0
EXP_BELDEN_0282,mixed_plastic,"WPI Pyrolysis Benchmark (Belden et al., 2022)",0.0,100.0,0.0,0.0,0.0,0.0,380.0,380.0,30.0,30.0,0.0,2.5,2.5,10.0,10.0,Yes,Batch,47.0,5.3,47.7,0.0
EXP_BELDEN_0283,mixed_plastic,"WPI Pyrolysis Benchmark (Belden et al., 2022)",0.0,100.0,0.0,0.0,0.0,0.0,380.0,380.0,30.0,30.0,0.0,2.5,2.5,10.0,10.0,Yes,Batch,78.3,2.17,19.53,0.0
EXP_BELDEN_0284,mixed_plastic,"WPI Pyrolysis Benchmark (Belden et al., 2022)",0.0,100.0,0.0,0.0,0.0,0.0,380.0,380.0,30.0,30.0,0.0,2.5,2.5,10.0,10.0,Yes,Batch,68.8,3.12,28.08,0.0
EXP_BELDEN_0285,mixed_plastic,"WPI Pyrolysis Benchmark (Belden et al., 2022)",0.0,100.0,0.0,0.0,0.0,0.0,380.0,380.0,30.0,30.0,0.0,2.5,2.5,10.0,10.0,Yes,Batch,54.5,4.55,40.95,0.0
EXP_BELDEN_0286,mixed_plastic,"WPI Pyrolysis Benchmark (Belden et al., 2022)",60.0,13.0,18.0,0.0,0.0,9.0,500.0,500.0,30.0,30.0,0.0,2.5,2.5,2.0,2.0,Yes,Fixed Bed,57.0,10.75,32.25,0.0
EXP_BELDEN_0287,mixed_plastic,"WPI Pyrolysis Benchmark (Belden et al., 2022)",60.0,13.0,18.0,0.0,0.0,9.0,500.0,500.0,30.0,30.0,0.0,2.5,2.5,2.0,2.0,Yes,Fixed Bed,51.0,12.25,36.75,0.0
EXP_BELDEN_0288,mixed_plastic,"WPI Pyrolysis Benchmark (Belden et al., 2022)",0.0,0.0,0.0,0.0,100.0,0.0,500.0,500.0,30.0,30.0,0.0,2.5,2.5,2.0,2.0,Yes,Fixed Bed,43.0,14.25,42.75,0.0
EXP_BELDEN_0289,mixed_plastic,"WPI Pyrolysis Benchmark (Belden et al., 2022)",0.0,0.0,100.0,0.0,0.0,0.0,500.0,500.0,30.0,30.0,0.0,2.5,2.5,2.0,2.0,Yes,Fixed Bed,93.0,1.75,5.25,0.0
EXP_BELDEN_0290,mixed_plastic,"WPI Pyrolysis Benchmark (Belden et al., 2022)",100.0,0.0,0.0,0.0,0.0,0.0,500.0,500.0,30.0,30.0,0.0,2.5,2.5,2.0,2.0,Yes,Fixed Bed,57.0,10.75,32.25,0.0
EXP_BELDEN_0291,mixed_plastic,"WPI Pyrolysis Benchmark (Belden et al., 2022)",66.0,34.0,0.0,0.0,0.0,0.0,460.0,460.0,30.0,30.0,0.0,2.5,2.5,10.0,10.0,Yes,Batch,67.0,4.95,28.05,0.0
EXP_BELDEN_0292,mixed_plastic,"WPI Pyrolysis Benchmark (Belden et al., 2022)",34.0,66.0,0.0,0.0,0.0,0.0,460.0,460.0,30.0,30.0,0.0,2.5,2.5,10.0,10.0,Yes,Batch,62.0,5.7,32.3,0.0
EXP_BELDEN_0293,mixed_plastic,"WPI Pyrolysis Benchmark (Belden et al., 2022)",0.0,100.0,0.0,0.0,0.0,0.0,460.0,460.0,30.0,30.0,0.0,2.5,2.5,10.0,10.0,Yes,Batch,57.0,6.45,36.55,0.0
EXP_BELDEN_0294,mixed_plastic,"WPI Pyrolysis Benchmark (Belden et al., 2022)",100.0,0.0,0.0,0.0,0.0,0.0,460.0,460.0,30.0,30.0,0.0,2.5,2.5,10.0,10.0,Yes,Batch,50.0,7.5,42.5,0.0
EXP_BELDEN_0295,mixed_plastic,"WPI Pyrolysis Benchmark (Belden et al., 2022)",100.0,0.0,0.0,0.0,0.0,0.0,430.0,430.0,30.0,30.0,0.0,2.5,2.5,10.0,10.0,Yes,Batch,81.4,1.86,16.74,0.0
EXP_BELDEN_0296,mixed_plastic,"WPI Pyrolysis Benchmark (Belden et al., 2022)",100.0,0.0,0.0,0.0,0.0,0.0,430.0,430.0,30.0,30.0,0.0,2.5,2.5,10.0,10.0,Yes,Batch,80.1,1.99,17.91,0.0
EXP_BELDEN_0297,mixed_plastic,"WPI Pyrolysis Benchmark (Belden et al., 2022)",100.0,0.0,0.0,0.0,0.0,0.0,430.0,430.0,30.0,30.0,0.0,2.5,2.5,10.0,10.0,Yes,Batch,81.9,1.81,16.29,0.0
EXP_BELDEN_0298,mixed_plastic,"WPI Pyrolysis Benchmark (Belden et al., 2022)",100.0,0.0,0.0,0.0,0.0,0.0,430.0,430.0,30.0,30.0,0.0,2.5,2.5,10.0,10.0,Yes,Batch,75.2,2.48,22.32,0.0
EXP_BELDEN_0299,mixed_plastic,"WPI Pyrolysis Benchmark (Belden et al., 2022)",0.0,100.0,0.0,0.0,0.0,0.0,500.0,500.0,30.0,30.0,0.0,2.5,2.5,20.0,20.0,Yes,Batch,77.0,5.75,17.25,0.0
EXP_BELDEN_0300,mixed_plastic,"WPI Pyrolysis Benchmark (Belden et al., 2022)",0.0,100.0,0.0,0.0,0.0,0.0,500.0,500.0,30.0,30.0,0.0,2.5,2.5,20.0,20.0,Yes,Batch,83.0,4.25,12.75,0.0
EXP_BELDEN_0301,mixed_plastic,"WPI Pyrolysis Benchmark (Belden et al., 2022)",0.0,100.0,0.0,0.0,0.0,0.0,500.0,500.0,30.0,30.0,0.0,2.5,2.5,20.0,20.0,Yes,Batch,85.0,3.75,11.25,0.0
EXP_BELDEN_0302,mixed_plastic,"WPI Pyrolysis Benchmark (Belden et al., 2022)",0.0,100.0,0.0,0.0,0.0,0.0,500.0,500.0,30.0,30.0,0.0,2.5,2.5,20.0,20.0,Yes,Batch,84.0,4.0,12.0,0.0
EXP_BELDEN_0303,mixed_plastic,"WPI Pyrolysis Benchmark (Belden et al., 2022)",90.0,0.0,10.0,0.0,0.0,0.0,560.0,560.0,30.0,30.0,0.0,4.0,4.0,22.5,22.5,Yes,Batch,81.0,7.6,11.4,0.0
EXP_BELDEN_0304,mixed_plastic,"WPI Pyrolysis Benchmark (Belden et al., 2022)",70.0,0.0,30.0,0.0,0.0,0.0,560.0,560.0,30.0,30.0,0.0,4.0,4.0,22.5,22.5,Yes,Batch,80.0,8.0,12.0,0.0
EXP_BELDEN_0305,mixed_plastic,"WPI Pyrolysis Benchmark (Belden et al., 2022)",50.0,0.0,50.0,0.0,0.0,0.0,560.0,560.0,30.0,30.0,0.0,4.0,4.0,22.5,22.5,Yes,Batch,70.0,12.0,18.0,0.0
EXP_BELDEN_0306,mixed_plastic,"WPI Pyrolysis Benchmark (Belden et al., 2022)",30.0,0.0,70.0,0.0,0.0,0.0,560.0,560.0,30.0,30.0,0.0,4.0,4.0,22.5,22.5,Yes,Batch,68.0,12.8,19.2,0.0
EXP_BELDEN_0307,mixed_plastic,"WPI Pyrolysis Benchmark (Belden et al., 2022)",10.0,0.0,90.0,0.0,0.0,0.0,560.0,560.0,30.0,30.0,0.0,4.0,4.0,22.5,22.5,Yes,Batch,81.0,7.6,11.4,0.0
EXP_BELDEN_0308,mixed_plastic,"WPI Pyrolysis Benchmark (Belden et al., 2022)",100.0,0.0,0.0,0.0,0.0,0.0,560.0,560.0,30.0,30.0,0.0,4.0,4.0,22.5,22.5,Yes,Batch,61.0,15.6,23.4,0.0
EXP_BELDEN_0309,mixed_plastic,"WPI Pyrolysis Benchmark (Belden et al., 2022)",100.0,0.0,0.0,0.0,0.0,0.0,560.0,560.0,30.0,30.0,0.0,4.0,4.0,22.5,22.5,Yes,Batch,75.0,10.0,15.0,0.0
EXP_BELDEN_0310,mixed_plastic,"WPI Pyrolysis Benchmark (Belden et al., 2022)",100.0,0.0,0.0,0.0,0.0,0.0,500.0,500.0,30.0,30.0,0.0,2.5,2.5,20.0,20.0,Yes,Batch,82.0,4.5,13.5,0.0
EXP_BELDEN_0311,mixed_plastic,"WPI Pyrolysis Benchmark (Belden et al., 2022)",100.0,0.0,0.0,0.0,0.0,0.0,560.0,560.0,30.0,30.0,0.0,4.0,4.0,22.5,22.5,Yes,Batch,78.0,8.8,13.2,0.0
EXP_BELDEN_0312,mixed_plastic,"WPI Pyrolysis Benchmark (Belden et al., 2022)",100.0,0.0,0.0,0.0,0.0,0.0,560.0,560.0,30.0,30.0,0.0,4.0,4.0,22.5,22.5,Yes,Batch,55.0,18.0,27.0,0.0
EXP_BELDEN_0313,mixed_plastic,"WPI Pyrolysis Benchmark (Belden et al., 2022)",10.0,90.0,0.0,0.0,0.0,0.0,560.0,560.0,30.0,30.0,0.0,4.0,4.0,22.5,22.5,Yes,Batch,80.0,8.0,12.0,0.0
EXP_BELDEN_0314,mixed_plastic,"WPI Pyrolysis Benchmark (Belden et al., 2022)",30.0,70.0,0.0,0.0,0.0,0.0,560.0,560.0,30.0,30.0,0.0,4.0,4.0,22.5,22.5,Yes,Batch,78.0,8.8,13.2,0.0
EXP_BELDEN_0315,mixed_plastic,"WPI Pyrolysis Benchmark (Belden et al., 2022)",50.0,50.0,0.0,0.0,0.0,0.0,560.0,560.0,30.0,30.0,0.0,4.0,4.0,22.5,22.5,Yes,Batch,70.0,12.0,18.0,0.0
EXP_BELDEN_0316,mixed_plastic,"WPI Pyrolysis Benchmark (Belden et al., 2022)",70.0,30.0,0.0,0.0,0.0,0.0,560.0,560.0,30.0,30.0,0.0,4.0,4.0,22.5,22.5,Yes,Batch,68.0,12.8,19.2,0.0
EXP_BELDEN_0317,mixed_plastic,"WPI Pyrolysis Benchmark (Belden et al., 2022)",90.0,10.0,0.0,0.0,0.0,0.0,560.0,560.0,30.0,30.0,0.0,4.0,4.0,22.5,22.5,Yes,Batch,29.0,28.4,42.6,0.0
EXP_BELDEN_0318,mixed_plastic,"WPI Pyrolysis Benchmark (Belden et al., 2022)",100.0,0.0,0.0,0.0,0.0,0.0,300.0,300.0,30.0,30.0,0.0,3.5,3.5,100.0,100.0,Yes,Fixed Bed,53.5,4.65,41.85,0.0
EXP_BELDEN_0319,mixed_plastic,"WPI Pyrolysis Benchmark (Belden et al., 2022)",100.0,0.0,0.0,0.0,0.0,0.0,550.0,550.0,30.0,30.0,0.0,0.5,0.5,0.6,0.6,Yes,Batch,18.3,30.64,51.06,0.0
EXP_BELDEN_0320,mixed_plastic,"WPI Pyrolysis Benchmark (Belden et al., 2022)",100.0,0.0,0.0,0.0,0.0,0.0,550.0,550.0,30.0,30.0,0.0,0.5,0.5,0.6,0.6,Yes,Batch,17.3,31.01,51.69,0.0
EXP_BELDEN_0321,mixed_plastic,"WPI Pyrolysis Benchmark (Belden et al., 2022)",100.0,0.0,0.0,0.0,0.0,0.0,550.0,550.0,30.0,30.0,0.0,0.5,0.5,0.6,0.6,Yes,Batch,61.6,14.4,24.0,0.0
EXP_BELDEN_0322,mixed_plastic,"WPI Pyrolysis Benchmark (Belden et al., 2022)",100.0,0.0,0.0,0.0,0.0,0.0,550.0,550.0,30.0,30.0,0.0,0.5,0.5,0.6,0.6,Yes,Batch,41.0,22.12,36.88,0.0
EXP_BELDEN_0323,mixed_plastic,"WPI Pyrolysis Benchmark (Belden et al., 2022)",100.0,0.0,0.0,0.0,0.0,0.0,560.0,560.0,30.0,30.0,0.0,4.0,4.0,22.5,22.5,Yes,Batch,75.0,10.0,15.0,0.0
EXP_BELDEN_0324,mixed_plastic,"WPI Pyrolysis Benchmark (Belden et al., 2022)",0.0,100.0,0.0,0.0,0.0,0.0,500.0,500.0,30.0,30.0,0.0,2.5,2.5,2.0,2.0,Yes,Fixed Bed,51.0,12.25,36.75,0.0
